timestamp,date,activity
2005-09-27 20:48:00,2005-09-27,154
2005-09-27 20:49:00,2005-09-27,219
2005-09-27 20:50:00,2005-09-27,166
2005-09-27 20:51:00,2005-09-27,120
2005-09-27 20:52:00,2005-09-27,143
2005-09-27 20:53:00,2005-09-27,134
2005-09-27 20:54:00,2005-09-27,259
2005-09-27 20:55:00,2005-09-27,130
2005-09-27 20:56:00,2005-09-27,219
2005-09-27 20:57:00,2005-09-27,212
2005-09-27 20:58:00,2005-09-27,190
2005-09-27 20:59:00,2005-09-27,38
2005-09-27 21:00:00,2005-09-27,204
2005-09-27 21:01:00,2005-09-27,197
2005-09-27 21:02:00,2005-09-27,317
2005-09-27 21:03:00,2005-09-27,204
2005-09-27 21:04:00,2005-09-27,116
2005-09-27 21:05:00,2005-09-27,689
2005-09-27 21:06:00,2005-09-27,79
2005-09-27 21:07:00,2005-09-27,70
2005-09-27 21:08:00,2005-09-27,286
2005-09-27 21:09:00,2005-09-27,82
2005-09-27 21:10:00,2005-09-27,61
2005-09-27 21:11:00,2005-09-27,154
2005-09-27 21:12:00,2005-09-27,49
2005-09-27 21:13:00,2005-09-27,439
2005-09-27 21:14:00,2005-09-27,111
2005-09-27 21:15:00,2005-09-27,277
2005-09-27 21:16:00,2005-09-27,178
2005-09-27 21:17:00,2005-09-27,212
2005-09-27 21:18:00,2005-09-27,61
2005-09-27 21:19:00,2005-09-27,139
2005-09-27 21:20:00,2005-09-27,277
2005-09-27 21:21:00,2005-09-27,111
2005-09-27 21:22:00,2005-09-27,235
2005-09-27 21:23:00,2005-09-27,102
2005-09-27 21:24:00,2005-09-27,178
2005-09-27 21:25:00,2005-09-27,184
2005-09-27 21:26:00,2005-09-27,235
2005-09-27 21:27:00,2005-09-27,587
2005-09-27 21:28:00,2005-09-27,184
2005-09-27 21:29:00,2005-09-27,88
2005-09-27 21:30:00,2005-09-27,286
2005-09-27 21:31:00,2005-09-27,85
2005-09-27 21:32:00,2005-09-27,70
2005-09-27 21:33:00,2005-09-27,139
2005-09-27 21:34:00,2005-09-27,317
2005-09-27 21:35:00,2005-09-27,259
2005-09-27 21:36:00,2005-09-27,386
2005-09-27 21:37:00,2005-09-27,242
2005-09-27 21:38:00,2005-09-27,107
2005-09-27 21:39:00,2005-09-27,88
2005-09-27 21:40:00,2005-09-27,91
2005-09-27 21:41:00,2005-09-27,49
2005-09-27 21:42:00,2005-09-27,134
2005-09-27 21:43:00,2005-09-27,517
2005-09-27 21:44:00,2005-09-27,485
2005-09-27 21:45:00,2005-09-27,361
2005-09-27 21:46:00,2005-09-27,296
2005-09-27 21:47:00,2005-09-27,306
2005-09-27 21:48:00,2005-09-27,454
2005-09-27 21:49:00,2005-09-27,411
2005-09-27 21:50:00,2005-09-27,277
2005-09-27 21:51:00,2005-09-27,386
2005-09-27 21:52:00,2005-09-27,242
2005-09-27 21:53:00,2005-09-27,259
2005-09-27 21:54:00,2005-09-27,373
2005-09-27 21:55:00,2005-09-27,587
2005-09-27 21:56:00,2005-09-27,587
2005-09-27 21:57:00,2005-09-27,606
2005-09-27 21:58:00,2005-09-27,227
2005-09-27 21:59:00,2005-09-27,125
2005-09-27 22:00:00,2005-09-27,411
2005-09-27 22:01:00,2005-09-27,37
2005-09-27 22:02:00,2005-09-27,91
2005-09-27 22:03:00,2005-09-27,184
2005-09-27 22:04:00,2005-09-27,204
2005-09-27 22:05:00,2005-09-27,55
2005-09-27 22:06:00,2005-09-27,197
2005-09-27 22:07:00,2005-09-27,43
2005-09-27 22:08:00,2005-09-27,235
2005-09-27 22:09:00,2005-09-27,134
2005-09-27 22:10:00,2005-09-27,667
2005-09-27 22:11:00,2005-09-27,219
2005-09-27 22:12:00,2005-09-27,306
2005-09-27 22:13:00,2005-09-27,734
2005-09-27 22:14:00,2005-09-27,439
2005-09-27 22:15:00,2005-09-27,219
2005-09-27 22:16:00,2005-09-27,259
2005-09-27 22:17:00,2005-09-27,646
2005-09-27 22:18:00,2005-09-27,178
2005-09-27 22:19:00,2005-09-27,35
2005-09-27 22:20:00,2005-09-27,277
2005-09-27 22:21:00,2005-09-27,98
2005-09-27 22:22:00,2005-09-27,120
2005-09-27 22:23:00,2005-09-27,500
2005-09-27 22:24:00,2005-09-27,91
2005-09-27 22:25:00,2005-09-27,98
2005-09-27 22:26:00,2005-09-27,568
2005-09-27 22:27:00,2005-09-27,277
2005-09-27 22:28:00,2005-09-27,1182
2005-09-27 22:29:00,2005-09-27,469
2005-09-27 22:30:00,2005-09-27,277
2005-09-27 22:31:00,2005-09-27,47
2005-09-27 22:32:00,2005-09-27,689
2005-09-27 22:33:00,2005-09-27,148
2005-09-27 22:34:00,2005-09-27,17
2005-09-27 22:35:00,2005-09-27,204
2005-09-27 22:36:00,2005-09-27,107
2005-09-27 22:37:00,2005-09-27,485
2005-09-27 22:38:00,2005-09-27,130
2005-09-27 22:39:00,2005-09-27,242
2005-09-27 22:40:00,2005-09-27,116
2005-09-27 22:41:00,2005-09-27,250
2005-09-27 22:42:00,2005-09-27,0
2005-09-27 22:43:00,2005-09-27,242
2005-09-27 22:44:00,2005-09-27,197
2005-09-27 22:45:00,2005-09-27,102
2005-09-27 22:46:00,2005-09-27,425
2005-09-27 22:47:00,2005-09-27,61
2005-09-27 22:48:00,2005-09-27,667
2005-09-27 22:49:00,2005-09-27,286
2005-09-27 22:50:00,2005-09-27,1300
2005-09-27 22:51:00,2005-09-27,550
2005-09-27 22:52:00,2005-09-27,783
2005-09-27 22:53:00,2005-09-27,568
2005-09-27 22:54:00,2005-09-27,862
2005-09-27 22:55:00,2005-09-27,1010
2005-09-27 22:56:00,2005-09-27,102
2005-09-27 22:57:00,2005-09-27,148
2005-09-27 22:58:00,2005-09-27,49
2005-09-27 22:59:00,2005-09-27,47
2005-09-27 23:00:00,2005-09-27,204
2005-09-27 23:01:00,2005-09-27,219
2005-09-27 23:02:00,2005-09-27,197
2005-09-27 23:03:00,2005-09-27,0
2005-09-27 23:04:00,2005-09-27,0
2005-09-27 23:05:00,2005-09-27,94
2005-09-27 23:06:00,2005-09-27,328
2005-09-27 23:07:00,2005-09-27,0
2005-09-27 23:08:00,2005-09-27,533
2005-09-27 23:09:00,2005-09-27,91
2005-09-27 23:10:00,2005-09-27,439
2005-09-27 23:11:00,2005-09-27,49
2005-09-27 23:12:00,2005-09-27,204
2005-09-27 23:13:00,2005-09-27,306
2005-09-27 23:14:00,2005-09-27,64
2005-09-27 23:15:00,2005-09-27,139
2005-09-27 23:16:00,2005-09-27,64
2005-09-27 23:17:00,2005-09-27,172
2005-09-27 23:18:00,2005-09-27,116
2005-09-27 23:19:00,2005-09-27,204
2005-09-27 23:20:00,2005-09-27,277
2005-09-27 23:21:00,2005-09-27,386
2005-09-27 23:22:00,2005-09-27,328
2005-09-27 23:23:00,2005-09-27,550
2005-09-27 23:24:00,2005-09-27,606
2005-09-27 23:25:00,2005-09-27,550
2005-09-27 23:26:00,2005-09-27,361
2005-09-27 23:27:00,2005-09-27,79
2005-09-27 23:28:00,2005-09-27,197
2005-09-27 23:29:00,2005-09-27,17
2005-09-27 23:30:00,2005-09-27,111
2005-09-27 23:31:00,2005-09-27,328
2005-09-27 23:32:00,2005-09-27,227
2005-09-27 23:33:00,2005-09-27,349
2005-09-27 23:34:00,2005-09-27,148
2005-09-27 23:35:00,2005-09-27,148
2005-09-27 23:36:00,2005-09-27,296
2005-09-27 23:37:00,2005-09-27,242
2005-09-27 23:38:00,2005-09-27,439
2005-09-27 23:39:00,2005-09-27,759
2005-09-27 23:40:00,2005-09-27,809
2005-09-27 23:41:00,2005-09-27,349
2005-09-27 23:42:00,2005-09-27,783
2005-09-27 23:43:00,2005-09-27,1474
2005-09-27 23:44:00,2005-09-27,1076
2005-09-27 23:45:00,2005-09-27,919
2005-09-27 23:46:00,2005-09-27,1300
2005-09-27 23:47:00,2005-09-27,517
2005-09-27 23:48:00,2005-09-27,626
2005-09-27 23:49:00,2005-09-27,411
2005-09-27 23:50:00,2005-09-27,204
2005-09-27 23:51:00,2005-09-27,107
2005-09-27 23:52:00,2005-09-27,454
2005-09-27 23:53:00,2005-09-27,227
2005-09-27 23:54:00,2005-09-27,102
2005-09-27 23:55:00,2005-09-27,55
2005-09-27 23:56:00,2005-09-27,139
2005-09-27 23:57:00,2005-09-27,35
2005-09-27 23:58:00,2005-09-27,120
2005-09-27 23:59:00,2005-09-27,49
2005-09-28 00:00:00,2005-09-28,91
2005-09-28 00:01:00,2005-09-28,296
2005-09-28 00:02:00,2005-09-28,235
2005-09-28 00:03:00,2005-09-28,454
2005-09-28 00:04:00,2005-09-28,227
2005-09-28 00:05:00,2005-09-28,120
2005-09-28 00:06:00,2005-09-28,411
2005-09-28 00:07:00,2005-09-28,919
2005-09-28 00:08:00,2005-09-28,734
2005-09-28 00:09:00,2005-09-28,809
2005-09-28 00:10:00,2005-09-28,1384
2005-09-28 00:11:00,2005-09-28,948
2005-09-28 00:12:00,2005-09-28,646
2005-09-28 00:13:00,2005-09-28,667
2005-09-28 00:14:00,2005-09-28,349
2005-09-28 00:15:00,2005-09-28,139
2005-09-28 00:16:00,2005-09-28,227
2005-09-28 00:17:00,2005-09-28,38
2005-09-28 00:18:00,2005-09-28,52
2005-09-28 00:19:00,2005-09-28,55
2005-09-28 00:20:00,2005-09-28,32
2005-09-28 00:21:00,2005-09-28,398
2005-09-28 00:22:00,2005-09-28,587
2005-09-28 00:23:00,2005-09-28,120
2005-09-28 00:24:00,2005-09-28,219
2005-09-28 00:25:00,2005-09-28,485
2005-09-28 00:26:00,2005-09-28,317
2005-09-28 00:27:00,2005-09-28,712
2005-09-28 00:28:00,2005-09-28,1010
2005-09-28 00:29:00,2005-09-28,1384
2005-09-28 00:30:00,2005-09-28,568
2005-09-28 00:31:00,2005-09-28,734
2005-09-28 00:32:00,2005-09-28,606
2005-09-28 00:33:00,2005-09-28,469
2005-09-28 00:34:00,2005-09-28,67
2005-09-28 00:35:00,2005-09-28,0
2005-09-28 00:36:00,2005-09-28,0
2005-09-28 00:37:00,2005-09-28,0
2005-09-28 00:38:00,2005-09-28,0
2005-09-28 00:39:00,2005-09-28,0
2005-09-28 00:40:00,2005-09-28,0
2005-09-28 00:41:00,2005-09-28,0
2005-09-28 00:42:00,2005-09-28,0
2005-09-28 00:43:00,2005-09-28,0
2005-09-28 00:44:00,2005-09-28,0
2005-09-28 00:45:00,2005-09-28,0
2005-09-28 00:46:00,2005-09-28,0
2005-09-28 00:47:00,2005-09-28,0
2005-09-28 00:48:00,2005-09-28,0
2005-09-28 00:49:00,2005-09-28,0
2005-09-28 00:50:00,2005-09-28,0
2005-09-28 00:51:00,2005-09-28,0
2005-09-28 00:52:00,2005-09-28,0
2005-09-28 00:53:00,2005-09-28,0
2005-09-28 00:54:00,2005-09-28,0
2005-09-28 00:55:00,2005-09-28,0
2005-09-28 00:56:00,2005-09-28,0
2005-09-28 00:57:00,2005-09-28,0
2005-09-28 00:58:00,2005-09-28,46
2005-09-28 00:59:00,2005-09-28,15
2005-09-28 01:00:00,2005-09-28,0
2005-09-28 01:01:00,2005-09-28,0
2005-09-28 01:02:00,2005-09-28,0
2005-09-28 01:03:00,2005-09-28,0
2005-09-28 01:04:00,2005-09-28,0
2005-09-28 01:05:00,2005-09-28,0
2005-09-28 01:06:00,2005-09-28,0
2005-09-28 01:07:00,2005-09-28,0
2005-09-28 01:08:00,2005-09-28,0
2005-09-28 01:09:00,2005-09-28,0
2005-09-28 01:10:00,2005-09-28,0
2005-09-28 01:11:00,2005-09-28,0
2005-09-28 01:12:00,2005-09-28,0
2005-09-28 01:13:00,2005-09-28,0
2005-09-28 01:14:00,2005-09-28,0
2005-09-28 01:15:00,2005-09-28,0
2005-09-28 01:16:00,2005-09-28,0
2005-09-28 01:17:00,2005-09-28,0
2005-09-28 01:18:00,2005-09-28,0
2005-09-28 01:19:00,2005-09-28,0
2005-09-28 01:20:00,2005-09-28,0
2005-09-28 01:21:00,2005-09-28,0
2005-09-28 01:22:00,2005-09-28,0
2005-09-28 01:23:00,2005-09-28,0
2005-09-28 01:24:00,2005-09-28,0
2005-09-28 01:25:00,2005-09-28,0
2005-09-28 01:26:00,2005-09-28,0
2005-09-28 01:27:00,2005-09-28,0
2005-09-28 01:28:00,2005-09-28,24
2005-09-28 01:29:00,2005-09-28,3
2005-09-28 01:30:00,2005-09-28,61
2005-09-28 01:31:00,2005-09-28,0
2005-09-28 01:32:00,2005-09-28,0
2005-09-28 01:33:00,2005-09-28,0
2005-09-28 01:34:00,2005-09-28,0
2005-09-28 01:35:00,2005-09-28,0
2005-09-28 01:36:00,2005-09-28,0
2005-09-28 01:37:00,2005-09-28,0
2005-09-28 01:38:00,2005-09-28,0
2005-09-28 01:39:00,2005-09-28,0
2005-09-28 01:40:00,2005-09-28,0
2005-09-28 01:41:00,2005-09-28,0
2005-09-28 01:42:00,2005-09-28,0
2005-09-28 01:43:00,2005-09-28,0
2005-09-28 01:44:00,2005-09-28,0
2005-09-28 01:45:00,2005-09-28,0
2005-09-28 01:46:00,2005-09-28,0
2005-09-28 01:47:00,2005-09-28,0
2005-09-28 01:48:00,2005-09-28,0
2005-09-28 01:49:00,2005-09-28,0
2005-09-28 01:50:00,2005-09-28,0
2005-09-28 01:51:00,2005-09-28,0
2005-09-28 01:52:00,2005-09-28,0
2005-09-28 01:53:00,2005-09-28,0
2005-09-28 01:54:00,2005-09-28,0
2005-09-28 01:55:00,2005-09-28,0
2005-09-28 01:56:00,2005-09-28,0
2005-09-28 01:57:00,2005-09-28,0
2005-09-28 01:58:00,2005-09-28,0
2005-09-28 01:59:00,2005-09-28,3
2005-09-28 02:00:00,2005-09-28,0
2005-09-28 02:01:00,2005-09-28,0
2005-09-28 02:02:00,2005-09-28,0
2005-09-28 02:03:00,2005-09-28,0
2005-09-28 02:04:00,2005-09-28,0
2005-09-28 02:05:00,2005-09-28,0
2005-09-28 02:06:00,2005-09-28,0
2005-09-28 02:07:00,2005-09-28,0
2005-09-28 02:08:00,2005-09-28,0
2005-09-28 02:09:00,2005-09-28,0
2005-09-28 02:10:00,2005-09-28,0
2005-09-28 02:11:00,2005-09-28,0
2005-09-28 02:12:00,2005-09-28,0
2005-09-28 02:13:00,2005-09-28,0
2005-09-28 02:14:00,2005-09-28,0
2005-09-28 02:15:00,2005-09-28,0
2005-09-28 02:16:00,2005-09-28,0
2005-09-28 02:17:00,2005-09-28,0
2005-09-28 02:18:00,2005-09-28,0
2005-09-28 02:19:00,2005-09-28,0
2005-09-28 02:20:00,2005-09-28,0
2005-09-28 02:21:00,2005-09-28,0
2005-09-28 02:22:00,2005-09-28,0
2005-09-28 02:23:00,2005-09-28,0
2005-09-28 02:24:00,2005-09-28,0
2005-09-28 02:25:00,2005-09-28,0
2005-09-28 02:26:00,2005-09-28,0
2005-09-28 02:27:00,2005-09-28,0
2005-09-28 02:28:00,2005-09-28,0
2005-09-28 02:29:00,2005-09-28,49
2005-09-28 02:30:00,2005-09-28,0
2005-09-28 02:31:00,2005-09-28,0
2005-09-28 02:32:00,2005-09-28,0
2005-09-28 02:33:00,2005-09-28,0
2005-09-28 02:34:00,2005-09-28,0
2005-09-28 02:35:00,2005-09-28,0
2005-09-28 02:36:00,2005-09-28,0
2005-09-28 02:37:00,2005-09-28,0
2005-09-28 02:38:00,2005-09-28,0
2005-09-28 02:39:00,2005-09-28,0
2005-09-28 02:40:00,2005-09-28,0
2005-09-28 02:41:00,2005-09-28,0
2005-09-28 02:42:00,2005-09-28,0
2005-09-28 02:43:00,2005-09-28,0
2005-09-28 02:44:00,2005-09-28,0
2005-09-28 02:45:00,2005-09-28,0
2005-09-28 02:46:00,2005-09-28,0
2005-09-28 02:47:00,2005-09-28,0
2005-09-28 02:48:00,2005-09-28,0
2005-09-28 02:49:00,2005-09-28,0
2005-09-28 02:50:00,2005-09-28,0
2005-09-28 02:51:00,2005-09-28,0
2005-09-28 02:52:00,2005-09-28,0
2005-09-28 02:53:00,2005-09-28,0
2005-09-28 02:54:00,2005-09-28,0
2005-09-28 02:55:00,2005-09-28,0
2005-09-28 02:56:00,2005-09-28,0
2005-09-28 02:57:00,2005-09-28,0
2005-09-28 02:58:00,2005-09-28,0
2005-09-28 02:59:00,2005-09-28,0
2005-09-28 03:00:00,2005-09-28,0
2005-09-28 03:01:00,2005-09-28,0
2005-09-28 03:02:00,2005-09-28,0
2005-09-28 03:03:00,2005-09-28,0
2005-09-28 03:04:00,2005-09-28,0
2005-09-28 03:05:00,2005-09-28,0
2005-09-28 03:06:00,2005-09-28,0
2005-09-28 03:07:00,2005-09-28,0
2005-09-28 03:08:00,2005-09-28,0
2005-09-28 03:09:00,2005-09-28,0
2005-09-28 03:10:00,2005-09-28,5
2005-09-28 03:11:00,2005-09-28,0
2005-09-28 03:12:00,2005-09-28,0
2005-09-28 03:13:00,2005-09-28,0
2005-09-28 03:14:00,2005-09-28,0
2005-09-28 03:15:00,2005-09-28,0
2005-09-28 03:16:00,2005-09-28,0
2005-09-28 03:17:00,2005-09-28,0
2005-09-28 03:18:00,2005-09-28,0
2005-09-28 03:19:00,2005-09-28,0
2005-09-28 03:20:00,2005-09-28,0
2005-09-28 03:21:00,2005-09-28,0
2005-09-28 03:22:00,2005-09-28,0
2005-09-28 03:23:00,2005-09-28,0
2005-09-28 03:24:00,2005-09-28,9
2005-09-28 03:25:00,2005-09-28,0
2005-09-28 03:26:00,2005-09-28,0
2005-09-28 03:27:00,2005-09-28,0
2005-09-28 03:28:00,2005-09-28,0
2005-09-28 03:29:00,2005-09-28,0
2005-09-28 03:30:00,2005-09-28,0
2005-09-28 03:31:00,2005-09-28,0
2005-09-28 03:32:00,2005-09-28,0
2005-09-28 03:33:00,2005-09-28,0
2005-09-28 03:34:00,2005-09-28,0
2005-09-28 03:35:00,2005-09-28,0
2005-09-28 03:36:00,2005-09-28,0
2005-09-28 03:37:00,2005-09-28,0
2005-09-28 03:38:00,2005-09-28,0
2005-09-28 03:39:00,2005-09-28,0
2005-09-28 03:40:00,2005-09-28,0
2005-09-28 03:41:00,2005-09-28,35
2005-09-28 03:42:00,2005-09-28,0
2005-09-28 03:43:00,2005-09-28,0
2005-09-28 03:44:00,2005-09-28,3
2005-09-28 03:45:00,2005-09-28,0
2005-09-28 03:46:00,2005-09-28,0
2005-09-28 03:47:00,2005-09-28,0
2005-09-28 03:48:00,2005-09-28,0
2005-09-28 03:49:00,2005-09-28,0
2005-09-28 03:50:00,2005-09-28,0
2005-09-28 03:51:00,2005-09-28,0
2005-09-28 03:52:00,2005-09-28,0
2005-09-28 03:53:00,2005-09-28,0
2005-09-28 03:54:00,2005-09-28,0
2005-09-28 03:55:00,2005-09-28,0
2005-09-28 03:56:00,2005-09-28,0
2005-09-28 03:57:00,2005-09-28,0
2005-09-28 03:58:00,2005-09-28,0
2005-09-28 03:59:00,2005-09-28,0
2005-09-28 04:00:00,2005-09-28,0
2005-09-28 04:01:00,2005-09-28,0
2005-09-28 04:02:00,2005-09-28,0
2005-09-28 04:03:00,2005-09-28,0
2005-09-28 04:04:00,2005-09-28,0
2005-09-28 04:05:00,2005-09-28,0
2005-09-28 04:06:00,2005-09-28,0
2005-09-28 04:07:00,2005-09-28,0
2005-09-28 04:08:00,2005-09-28,0
2005-09-28 04:09:00,2005-09-28,0
2005-09-28 04:10:00,2005-09-28,0
2005-09-28 04:11:00,2005-09-28,0
2005-09-28 04:12:00,2005-09-28,0
2005-09-28 04:13:00,2005-09-28,0
2005-09-28 04:14:00,2005-09-28,0
2005-09-28 04:15:00,2005-09-28,0
2005-09-28 04:16:00,2005-09-28,67
2005-09-28 04:17:00,2005-09-28,0
2005-09-28 04:18:00,2005-09-28,0
2005-09-28 04:19:00,2005-09-28,0
2005-09-28 04:20:00,2005-09-28,0
2005-09-28 04:21:00,2005-09-28,0
2005-09-28 04:22:00,2005-09-28,0
2005-09-28 04:23:00,2005-09-28,0
2005-09-28 04:24:00,2005-09-28,0
2005-09-28 04:25:00,2005-09-28,0
2005-09-28 04:26:00,2005-09-28,0
2005-09-28 04:27:00,2005-09-28,0
2005-09-28 04:28:00,2005-09-28,0
2005-09-28 04:29:00,2005-09-28,0
2005-09-28 04:30:00,2005-09-28,0
2005-09-28 04:31:00,2005-09-28,0
2005-09-28 04:32:00,2005-09-28,0
2005-09-28 04:33:00,2005-09-28,0
2005-09-28 04:34:00,2005-09-28,0
2005-09-28 04:35:00,2005-09-28,0
2005-09-28 04:36:00,2005-09-28,0
2005-09-28 04:37:00,2005-09-28,0
2005-09-28 04:38:00,2005-09-28,0
2005-09-28 04:39:00,2005-09-28,8
2005-09-28 04:40:00,2005-09-28,0
2005-09-28 04:41:00,2005-09-28,0
2005-09-28 04:42:00,2005-09-28,24
2005-09-28 04:43:00,2005-09-28,120
2005-09-28 04:44:00,2005-09-28,0
2005-09-28 04:45:00,2005-09-28,0
2005-09-28 04:46:00,2005-09-28,0
2005-09-28 04:47:00,2005-09-28,0
2005-09-28 04:48:00,2005-09-28,0
2005-09-28 04:49:00,2005-09-28,0
2005-09-28 04:50:00,2005-09-28,0
2005-09-28 04:51:00,2005-09-28,0
2005-09-28 04:52:00,2005-09-28,0
2005-09-28 04:53:00,2005-09-28,0
2005-09-28 04:54:00,2005-09-28,0
2005-09-28 04:55:00,2005-09-28,0
2005-09-28 04:56:00,2005-09-28,0
2005-09-28 04:57:00,2005-09-28,0
2005-09-28 04:58:00,2005-09-28,0
2005-09-28 04:59:00,2005-09-28,0
2005-09-28 05:00:00,2005-09-28,0
2005-09-28 05:01:00,2005-09-28,0
2005-09-28 05:02:00,2005-09-28,0
2005-09-28 05:03:00,2005-09-28,0
2005-09-28 05:04:00,2005-09-28,0
2005-09-28 05:05:00,2005-09-28,0
2005-09-28 05:06:00,2005-09-28,0
2005-09-28 05:07:00,2005-09-28,0
2005-09-28 05:08:00,2005-09-28,0
2005-09-28 05:09:00,2005-09-28,0
2005-09-28 05:10:00,2005-09-28,0
2005-09-28 05:11:00,2005-09-28,0
2005-09-28 05:12:00,2005-09-28,0
2005-09-28 05:13:00,2005-09-28,0
2005-09-28 05:14:00,2005-09-28,0
2005-09-28 05:15:00,2005-09-28,0
2005-09-28 05:16:00,2005-09-28,55
2005-09-28 05:17:00,2005-09-28,0
2005-09-28 05:18:00,2005-09-28,0
2005-09-28 05:19:00,2005-09-28,0
2005-09-28 05:20:00,2005-09-28,0
2005-09-28 05:21:00,2005-09-28,0
2005-09-28 05:22:00,2005-09-28,0
2005-09-28 05:23:00,2005-09-28,0
2005-09-28 05:24:00,2005-09-28,0
2005-09-28 05:25:00,2005-09-28,0
2005-09-28 05:26:00,2005-09-28,0
2005-09-28 05:27:00,2005-09-28,41
2005-09-28 05:28:00,2005-09-28,0
2005-09-28 05:29:00,2005-09-28,0
2005-09-28 05:30:00,2005-09-28,0
2005-09-28 05:31:00,2005-09-28,0
2005-09-28 05:32:00,2005-09-28,0
2005-09-28 05:33:00,2005-09-28,0
2005-09-28 05:34:00,2005-09-28,0
2005-09-28 05:35:00,2005-09-28,0
2005-09-28 05:36:00,2005-09-28,0
2005-09-28 05:37:00,2005-09-28,0
2005-09-28 05:38:00,2005-09-28,0
2005-09-28 05:39:00,2005-09-28,0
2005-09-28 05:40:00,2005-09-28,0
2005-09-28 05:41:00,2005-09-28,0
2005-09-28 05:42:00,2005-09-28,0
2005-09-28 05:43:00,2005-09-28,11
2005-09-28 05:44:00,2005-09-28,0
2005-09-28 05:45:00,2005-09-28,0
2005-09-28 05:46:00,2005-09-28,0
2005-09-28 05:47:00,2005-09-28,0
2005-09-28 05:48:00,2005-09-28,0
2005-09-28 05:49:00,2005-09-28,0
2005-09-28 05:50:00,2005-09-28,0
2005-09-28 05:51:00,2005-09-28,0
2005-09-28 05:52:00,2005-09-28,21
2005-09-28 05:53:00,2005-09-28,0
2005-09-28 05:54:00,2005-09-28,0
2005-09-28 05:55:00,2005-09-28,0
2005-09-28 05:56:00,2005-09-28,0
2005-09-28 05:57:00,2005-09-28,0
2005-09-28 05:58:00,2005-09-28,0
2005-09-28 05:59:00,2005-09-28,0
2005-09-28 06:00:00,2005-09-28,0
2005-09-28 06:01:00,2005-09-28,0
2005-09-28 06:02:00,2005-09-28,0
2005-09-28 06:03:00,2005-09-28,0
2005-09-28 06:04:00,2005-09-28,0
2005-09-28 06:05:00,2005-09-28,0
2005-09-28 06:06:00,2005-09-28,0
2005-09-28 06:07:00,2005-09-28,0
2005-09-28 06:08:00,2005-09-28,0
2005-09-28 06:09:00,2005-09-28,0
2005-09-28 06:10:00,2005-09-28,0
2005-09-28 06:11:00,2005-09-28,0
2005-09-28 06:12:00,2005-09-28,0
2005-09-28 06:13:00,2005-09-28,0
2005-09-28 06:14:00,2005-09-28,58
2005-09-28 06:15:00,2005-09-28,3
2005-09-28 06:16:00,2005-09-28,5
2005-09-28 06:17:00,2005-09-28,0
2005-09-28 06:18:00,2005-09-28,0
2005-09-28 06:19:00,2005-09-28,0
2005-09-28 06:20:00,2005-09-28,23
2005-09-28 06:21:00,2005-09-28,15
2005-09-28 06:22:00,2005-09-28,0
2005-09-28 06:23:00,2005-09-28,0
2005-09-28 06:24:00,2005-09-28,0
2005-09-28 06:25:00,2005-09-28,0
2005-09-28 06:26:00,2005-09-28,3
2005-09-28 06:27:00,2005-09-28,120
2005-09-28 06:28:00,2005-09-28,0
2005-09-28 06:29:00,2005-09-28,0
2005-09-28 06:30:00,2005-09-28,0
2005-09-28 06:31:00,2005-09-28,0
2005-09-28 06:32:00,2005-09-28,0
2005-09-28 06:33:00,2005-09-28,0
2005-09-28 06:34:00,2005-09-28,0
2005-09-28 06:35:00,2005-09-28,0
2005-09-28 06:36:00,2005-09-28,0
2005-09-28 06:37:00,2005-09-28,0
2005-09-28 06:38:00,2005-09-28,0
2005-09-28 06:39:00,2005-09-28,0
2005-09-28 06:40:00,2005-09-28,0
2005-09-28 06:41:00,2005-09-28,130
2005-09-28 06:42:00,2005-09-28,0
2005-09-28 06:43:00,2005-09-28,0
2005-09-28 06:44:00,2005-09-28,0
2005-09-28 06:45:00,2005-09-28,0
2005-09-28 06:46:00,2005-09-28,306
2005-09-28 06:47:00,2005-09-28,82
2005-09-28 06:48:00,2005-09-28,0
2005-09-28 06:49:00,2005-09-28,0
2005-09-28 06:50:00,2005-09-28,0
2005-09-28 06:51:00,2005-09-28,0
2005-09-28 06:52:00,2005-09-28,0
2005-09-28 06:53:00,2005-09-28,0
2005-09-28 06:54:00,2005-09-28,0
2005-09-28 06:55:00,2005-09-28,0
2005-09-28 06:56:00,2005-09-28,0
2005-09-28 06:57:00,2005-09-28,0
2005-09-28 06:58:00,2005-09-28,0
2005-09-28 06:59:00,2005-09-28,0
2005-09-28 07:00:00,2005-09-28,0
2005-09-28 07:01:00,2005-09-28,0
2005-09-28 07:02:00,2005-09-28,0
2005-09-28 07:03:00,2005-09-28,0
2005-09-28 07:04:00,2005-09-28,0
2005-09-28 07:05:00,2005-09-28,0
2005-09-28 07:06:00,2005-09-28,0
2005-09-28 07:07:00,2005-09-28,0
2005-09-28 07:08:00,2005-09-28,0
2005-09-28 07:09:00,2005-09-28,0
2005-09-28 07:10:00,2005-09-28,0
2005-09-28 07:11:00,2005-09-28,0
2005-09-28 07:12:00,2005-09-28,0
2005-09-28 07:13:00,2005-09-28,0
2005-09-28 07:14:00,2005-09-28,0
2005-09-28 07:15:00,2005-09-28,0
2005-09-28 07:16:00,2005-09-28,212
2005-09-28 07:17:00,2005-09-28,0
2005-09-28 07:18:00,2005-09-28,0
2005-09-28 07:19:00,2005-09-28,0
2005-09-28 07:20:00,2005-09-28,0
2005-09-28 07:21:00,2005-09-28,73
2005-09-28 07:22:00,2005-09-28,0
2005-09-28 07:23:00,2005-09-28,3
2005-09-28 07:24:00,2005-09-28,0
2005-09-28 07:25:00,2005-09-28,0
2005-09-28 07:26:00,2005-09-28,0
2005-09-28 07:27:00,2005-09-28,0
2005-09-28 07:28:00,2005-09-28,0
2005-09-28 07:29:00,2005-09-28,0
2005-09-28 07:30:00,2005-09-28,0
2005-09-28 07:31:00,2005-09-28,0
2005-09-28 07:32:00,2005-09-28,0
2005-09-28 07:33:00,2005-09-28,0
2005-09-28 07:34:00,2005-09-28,0
2005-09-28 07:35:00,2005-09-28,0
2005-09-28 07:36:00,2005-09-28,26
2005-09-28 07:37:00,2005-09-28,212
2005-09-28 07:38:00,2005-09-28,0
2005-09-28 07:39:00,2005-09-28,0
2005-09-28 07:40:00,2005-09-28,0
2005-09-28 07:41:00,2005-09-28,0
2005-09-28 07:42:00,2005-09-28,0
2005-09-28 07:43:00,2005-09-28,0
2005-09-28 07:44:00,2005-09-28,0
2005-09-28 07:45:00,2005-09-28,0
2005-09-28 07:46:00,2005-09-28,0
2005-09-28 07:47:00,2005-09-28,373
2005-09-28 07:48:00,2005-09-28,3
2005-09-28 07:49:00,2005-09-28,0
2005-09-28 07:50:00,2005-09-28,0
2005-09-28 07:51:00,2005-09-28,0
2005-09-28 07:52:00,2005-09-28,0
2005-09-28 07:53:00,2005-09-28,0
2005-09-28 07:54:00,2005-09-28,0
2005-09-28 07:55:00,2005-09-28,143
2005-09-28 07:56:00,2005-09-28,0
2005-09-28 07:57:00,2005-09-28,0
2005-09-28 07:58:00,2005-09-28,0
2005-09-28 07:59:00,2005-09-28,250
2005-09-28 08:00:00,2005-09-28,0
2005-09-28 08:01:00,2005-09-28,0
2005-09-28 08:02:00,2005-09-28,0
2005-09-28 08:03:00,2005-09-28,0
2005-09-28 08:04:00,2005-09-28,0
2005-09-28 08:05:00,2005-09-28,0
2005-09-28 08:06:00,2005-09-28,70
2005-09-28 08:07:00,2005-09-28,139
2005-09-28 08:08:00,2005-09-28,0
2005-09-28 08:09:00,2005-09-28,0
2005-09-28 08:10:00,2005-09-28,0
2005-09-28 08:11:00,2005-09-28,0
2005-09-28 08:12:00,2005-09-28,0
2005-09-28 08:13:00,2005-09-28,0
2005-09-28 08:14:00,2005-09-28,242
2005-09-28 08:15:00,2005-09-28,5
2005-09-28 08:16:00,2005-09-28,0
2005-09-28 08:17:00,2005-09-28,0
2005-09-28 08:18:00,2005-09-28,0
2005-09-28 08:19:00,2005-09-28,0
2005-09-28 08:20:00,2005-09-28,139
2005-09-28 08:21:00,2005-09-28,0
2005-09-28 08:22:00,2005-09-28,64
2005-09-28 08:23:00,2005-09-28,0
2005-09-28 08:24:00,2005-09-28,0
2005-09-28 08:25:00,2005-09-28,0
2005-09-28 08:26:00,2005-09-28,0
2005-09-28 08:27:00,2005-09-28,0
2005-09-28 08:28:00,2005-09-28,0
2005-09-28 08:29:00,2005-09-28,0
2005-09-28 08:30:00,2005-09-28,79
2005-09-28 08:31:00,2005-09-28,0
2005-09-28 08:32:00,2005-09-28,0
2005-09-28 08:33:00,2005-09-28,0
2005-09-28 08:34:00,2005-09-28,0
2005-09-28 08:35:00,2005-09-28,0
2005-09-28 08:36:00,2005-09-28,0
2005-09-28 08:37:00,2005-09-28,0
2005-09-28 08:38:00,2005-09-28,227
2005-09-28 08:39:00,2005-09-28,550
2005-09-28 08:40:00,2005-09-28,49
2005-09-28 08:41:00,2005-09-28,61
2005-09-28 08:42:00,2005-09-28,398
2005-09-28 08:43:00,2005-09-28,172
2005-09-28 08:44:00,2005-09-28,3
2005-09-28 08:45:00,2005-09-28,18
2005-09-28 08:46:00,2005-09-28,0
2005-09-28 08:47:00,2005-09-28,0
2005-09-28 08:48:00,2005-09-28,44
2005-09-28 08:49:00,2005-09-28,5
2005-09-28 08:50:00,2005-09-28,0
2005-09-28 08:51:00,2005-09-28,0
2005-09-28 08:52:00,2005-09-28,0
2005-09-28 08:53:00,2005-09-28,0
2005-09-28 08:54:00,2005-09-28,0
2005-09-28 08:55:00,2005-09-28,17
2005-09-28 08:56:00,2005-09-28,34
2005-09-28 08:57:00,2005-09-28,29
2005-09-28 08:58:00,2005-09-28,8
2005-09-28 08:59:00,2005-09-28,0
2005-09-28 09:00:00,2005-09-28,0
2005-09-28 09:01:00,2005-09-28,373
2005-09-28 09:02:00,2005-09-28,85
2005-09-28 09:03:00,2005-09-28,204
2005-09-28 09:04:00,2005-09-28,235
2005-09-28 09:05:00,2005-09-28,1428
2005-09-28 09:06:00,2005-09-28,1300
2005-09-28 09:07:00,2005-09-28,1076
2005-09-28 09:08:00,2005-09-28,1010
2005-09-28 09:09:00,2005-09-28,667
2005-09-28 09:10:00,2005-09-28,2507
2005-09-28 09:11:00,2005-09-28,425
2005-09-28 09:12:00,2005-09-28,328
2005-09-28 09:13:00,2005-09-28,425
2005-09-28 09:14:00,2005-09-28,439
2005-09-28 09:15:00,2005-09-28,1042
2005-09-28 09:16:00,2005-09-28,1341
2005-09-28 09:17:00,2005-09-28,517
2005-09-28 09:18:00,2005-09-28,517
2005-09-28 09:19:00,2005-09-28,890
2005-09-28 09:20:00,2005-09-28,1182
2005-09-28 09:21:00,2005-09-28,1042
2005-09-28 09:22:00,2005-09-28,978
2005-09-28 09:23:00,2005-09-28,1076
2005-09-28 09:24:00,2005-09-28,759
2005-09-28 09:25:00,2005-09-28,1300
2005-09-28 09:26:00,2005-09-28,809
2005-09-28 09:27:00,2005-09-28,1042
2005-09-28 09:28:00,2005-09-28,1474
2005-09-28 09:29:00,2005-09-28,1111
2005-09-28 09:30:00,2005-09-28,1111
2005-09-28 09:31:00,2005-09-28,689
2005-09-28 09:32:00,2005-09-28,1672
2005-09-28 09:33:00,2005-09-28,469
2005-09-28 09:34:00,2005-09-28,178
2005-09-28 09:35:00,2005-09-28,485
2005-09-28 09:36:00,2005-09-28,227
2005-09-28 09:37:00,2005-09-28,38
2005-09-28 09:38:00,2005-09-28,328
2005-09-28 09:39:00,2005-09-28,79
2005-09-28 09:40:00,2005-09-28,139
2005-09-28 09:41:00,2005-09-28,64
2005-09-28 09:42:00,2005-09-28,52
2005-09-28 09:43:00,2005-09-28,91
2005-09-28 09:44:00,2005-09-28,46
2005-09-28 09:45:00,2005-09-28,0
2005-09-28 09:46:00,2005-09-28,55
2005-09-28 09:47:00,2005-09-28,21
2005-09-28 09:48:00,2005-09-28,0
2005-09-28 09:49:00,2005-09-28,0
2005-09-28 09:50:00,2005-09-28,0
2005-09-28 09:51:00,2005-09-28,43
2005-09-28 09:52:00,2005-09-28,120
2005-09-28 09:53:00,2005-09-28,338
2005-09-28 09:54:00,2005-09-28,3
2005-09-28 09:55:00,2005-09-28,166
2005-09-28 09:56:00,2005-09-28,134
2005-09-28 09:57:00,2005-09-28,79
2005-09-28 09:58:00,2005-09-28,277
2005-09-28 09:59:00,2005-09-28,55
2005-09-28 10:00:00,2005-09-28,286
2005-09-28 10:01:00,2005-09-28,3
2005-09-28 10:02:00,2005-09-28,35
2005-09-28 10:03:00,2005-09-28,37
2005-09-28 10:04:00,2005-09-28,67
2005-09-28 10:05:00,2005-09-28,286
2005-09-28 10:06:00,2005-09-28,94
2005-09-28 10:07:00,2005-09-28,277
2005-09-28 10:08:00,2005-09-28,37
2005-09-28 10:09:00,2005-09-28,40
2005-09-28 10:10:00,2005-09-28,361
2005-09-28 10:11:00,2005-09-28,20
2005-09-28 10:12:00,2005-09-28,91
2005-09-28 10:13:00,2005-09-28,38
2005-09-28 10:14:00,2005-09-28,15
2005-09-28 10:15:00,2005-09-28,55
2005-09-28 10:16:00,2005-09-28,38
2005-09-28 10:17:00,2005-09-28,52
2005-09-28 10:18:00,2005-09-28,30
2005-09-28 10:19:00,2005-09-28,212
2005-09-28 10:20:00,2005-09-28,0
2005-09-28 10:21:00,2005-09-28,12
2005-09-28 10:22:00,2005-09-28,0
2005-09-28 10:23:00,2005-09-28,0
2005-09-28 10:24:00,2005-09-28,6
2005-09-28 10:25:00,2005-09-28,0
2005-09-28 10:26:00,2005-09-28,30
2005-09-28 10:27:00,2005-09-28,0
2005-09-28 10:28:00,2005-09-28,120
2005-09-28 10:29:00,2005-09-28,212
2005-09-28 10:30:00,2005-09-28,667
2005-09-28 10:31:00,2005-09-28,373
2005-09-28 10:32:00,2005-09-28,130
2005-09-28 10:33:00,2005-09-28,5
2005-09-28 10:34:00,2005-09-28,154
2005-09-28 10:35:00,2005-09-28,166
2005-09-28 10:36:00,2005-09-28,107
2005-09-28 10:37:00,2005-09-28,21
2005-09-28 10:38:00,2005-09-28,88
2005-09-28 10:39:00,2005-09-28,250
2005-09-28 10:40:00,2005-09-28,139
2005-09-28 10:41:00,2005-09-28,204
2005-09-28 10:42:00,2005-09-28,646
2005-09-28 10:43:00,2005-09-28,111
2005-09-28 10:44:00,2005-09-28,166
2005-09-28 10:45:00,2005-09-28,454
2005-09-28 10:46:00,2005-09-28,317
2005-09-28 10:47:00,2005-09-28,568
2005-09-28 10:48:00,2005-09-28,517
2005-09-28 10:49:00,2005-09-28,469
2005-09-28 10:50:00,2005-09-28,783
2005-09-28 10:51:00,2005-09-28,809
2005-09-28 10:52:00,2005-09-28,890
2005-09-28 10:53:00,2005-09-28,759
2005-09-28 10:54:00,2005-09-28,517
2005-09-28 10:55:00,2005-09-28,568
2005-09-28 10:56:00,2005-09-28,533
2005-09-28 10:57:00,2005-09-28,646
2005-09-28 10:58:00,2005-09-28,606
2005-09-28 10:59:00,2005-09-28,1341
2005-09-28 11:00:00,2005-09-28,1010
2005-09-28 11:01:00,2005-09-28,550
2005-09-28 11:02:00,2005-09-28,783
2005-09-28 11:03:00,2005-09-28,919
2005-09-28 11:04:00,2005-09-28,1384
2005-09-28 11:05:00,2005-09-28,1384
2005-09-28 11:06:00,2005-09-28,1042
2005-09-28 11:07:00,2005-09-28,1221
2005-09-28 11:08:00,2005-09-28,890
2005-09-28 11:09:00,2005-09-28,646
2005-09-28 11:10:00,2005-09-28,125
2005-09-28 11:11:00,2005-09-28,98
2005-09-28 11:12:00,2005-09-28,49
2005-09-28 11:13:00,2005-09-28,338
2005-09-28 11:14:00,2005-09-28,70
2005-09-28 11:15:00,2005-09-28,8
2005-09-28 11:16:00,2005-09-28,349
2005-09-28 11:17:00,2005-09-28,667
2005-09-28 11:18:00,2005-09-28,734
2005-09-28 11:19:00,2005-09-28,439
2005-09-28 11:20:00,2005-09-28,227
2005-09-28 11:21:00,2005-09-28,43
2005-09-28 11:22:00,2005-09-28,18
2005-09-28 11:23:00,2005-09-28,178
2005-09-28 11:24:00,2005-09-28,219
2005-09-28 11:25:00,2005-09-28,76
2005-09-28 11:26:00,2005-09-28,49
2005-09-28 11:27:00,2005-09-28,9
2005-09-28 11:28:00,2005-09-28,12
2005-09-28 11:29:00,2005-09-28,5
2005-09-28 11:30:00,2005-09-28,64
2005-09-28 11:31:00,2005-09-28,70
2005-09-28 11:32:00,2005-09-28,32
2005-09-28 11:33:00,2005-09-28,5
2005-09-28 11:34:00,2005-09-28,82
2005-09-28 11:35:00,2005-09-28,98
2005-09-28 11:36:00,2005-09-28,286
2005-09-28 11:37:00,2005-09-28,227
2005-09-28 11:38:00,2005-09-28,734
2005-09-28 11:39:00,2005-09-28,533
2005-09-28 11:40:00,2005-09-28,61
2005-09-28 11:41:00,2005-09-28,49
2005-09-28 11:42:00,2005-09-28,49
2005-09-28 11:43:00,2005-09-28,94
2005-09-28 11:44:00,2005-09-28,286
2005-09-28 11:45:00,2005-09-28,154
2005-09-28 11:46:00,2005-09-28,373
2005-09-28 11:47:00,2005-09-28,759
2005-09-28 11:48:00,2005-09-28,454
2005-09-28 11:49:00,2005-09-28,606
2005-09-28 11:50:00,2005-09-28,439
2005-09-28 11:51:00,2005-09-28,646
2005-09-28 11:52:00,2005-09-28,835
2005-09-28 11:53:00,2005-09-28,469
2005-09-28 11:54:00,2005-09-28,148
2005-09-28 11:55:00,2005-09-28,0
2005-09-28 11:56:00,2005-09-28,64
2005-09-28 11:57:00,2005-09-28,0
2005-09-28 11:58:00,2005-09-28,41
2005-09-28 11:59:00,2005-09-28,67
2005-09-28 12:00:00,2005-09-28,0
2005-09-28 12:01:00,2005-09-28,55
2005-09-28 12:02:00,2005-09-28,712
2005-09-28 12:03:00,2005-09-28,646
2005-09-28 12:04:00,2005-09-28,646
2005-09-28 12:05:00,2005-09-28,338
2005-09-28 12:06:00,2005-09-28,835
2005-09-28 12:07:00,2005-09-28,1111
2005-09-28 12:08:00,2005-09-28,398
2005-09-28 12:09:00,2005-09-28,1076
2005-09-28 12:10:00,2005-09-28,268
2005-09-28 12:11:00,2005-09-28,485
2005-09-28 12:12:00,2005-09-28,862
2005-09-28 12:13:00,2005-09-28,689
2005-09-28 12:14:00,2005-09-28,626
2005-09-28 12:15:00,2005-09-28,439
2005-09-28 12:16:00,2005-09-28,517
2005-09-28 12:17:00,2005-09-28,328
2005-09-28 12:18:00,2005-09-28,712
2005-09-28 12:19:00,2005-09-28,485
2005-09-28 12:20:00,2005-09-28,919
2005-09-28 12:21:00,2005-09-28,835
2005-09-28 12:22:00,2005-09-28,568
2005-09-28 12:23:00,2005-09-28,425
2005-09-28 12:24:00,2005-09-28,250
2005-09-28 12:25:00,2005-09-28,550
2005-09-28 12:26:00,2005-09-28,835
2005-09-28 12:27:00,2005-09-28,550
2005-09-28 12:28:00,2005-09-28,485
2005-09-28 12:29:00,2005-09-28,646
2005-09-28 12:30:00,2005-09-28,533
2005-09-28 12:31:00,2005-09-28,667
2005-09-28 12:32:00,2005-09-28,1042
2005-09-28 12:33:00,2005-09-28,606
2005-09-28 12:34:00,2005-09-28,1010
2005-09-28 12:35:00,2005-09-28,1182
2005-09-28 12:36:00,2005-09-28,890
2005-09-28 12:37:00,2005-09-28,1010
2005-09-28 12:38:00,2005-09-28,919
2005-09-28 12:39:00,2005-09-28,1010
2005-09-28 12:40:00,2005-09-28,1182
2005-09-28 12:41:00,2005-09-28,1010
2005-09-28 12:42:00,2005-09-28,890
2005-09-28 12:43:00,2005-09-28,1300
2005-09-28 12:44:00,2005-09-28,712
2005-09-28 12:45:00,2005-09-28,667
2005-09-28 12:46:00,2005-09-28,398
2005-09-28 12:47:00,2005-09-28,52
2005-09-28 12:48:00,2005-09-28,154
2005-09-28 12:49:00,2005-09-28,734
2005-09-28 12:50:00,2005-09-28,425
2005-09-28 12:51:00,2005-09-28,1010
2005-09-28 12:52:00,2005-09-28,1260
2005-09-28 12:53:00,2005-09-28,1111
2005-09-28 12:54:00,2005-09-28,1384
2005-09-28 12:55:00,2005-09-28,978
2005-09-28 12:56:00,2005-09-28,667
2005-09-28 12:57:00,2005-09-28,1300
2005-09-28 12:58:00,2005-09-28,1384
2005-09-28 12:59:00,2005-09-28,783
2005-09-28 13:00:00,2005-09-28,978
2005-09-28 13:01:00,2005-09-28,1146
2005-09-28 13:02:00,2005-09-28,1111
2005-09-28 13:03:00,2005-09-28,978
2005-09-28 13:04:00,2005-09-28,1076
2005-09-28 13:05:00,2005-09-28,835
2005-09-28 13:06:00,2005-09-28,667
2005-09-28 13:07:00,2005-09-28,1300
2005-09-28 13:08:00,2005-09-28,734
2005-09-28 13:09:00,2005-09-28,1341
2005-09-28 13:10:00,2005-09-28,1010
2005-09-28 13:11:00,2005-09-28,890
2005-09-28 13:12:00,2005-09-28,361
2005-09-28 13:13:00,2005-09-28,439
2005-09-28 13:14:00,2005-09-28,296
2005-09-28 13:15:00,2005-09-28,178
2005-09-28 13:16:00,2005-09-28,485
2005-09-28 13:17:00,2005-09-28,500
2005-09-28 13:18:00,2005-09-28,587
2005-09-28 13:19:00,2005-09-28,454
2005-09-28 13:20:00,2005-09-28,286
2005-09-28 13:21:00,2005-09-28,890
2005-09-28 13:22:00,2005-09-28,1221
2005-09-28 13:23:00,2005-09-28,835
2005-09-28 13:24:00,2005-09-28,1300
2005-09-28 13:25:00,2005-09-28,1010
2005-09-28 13:26:00,2005-09-28,1042
2005-09-28 13:27:00,2005-09-28,306
2005-09-28 13:28:00,2005-09-28,606
2005-09-28 13:29:00,2005-09-28,386
2005-09-28 13:30:00,2005-09-28,235
2005-09-28 13:31:00,2005-09-28,587
2005-09-28 13:32:00,2005-09-28,533
2005-09-28 13:33:00,2005-09-28,626
2005-09-28 13:34:00,2005-09-28,286
2005-09-28 13:35:00,2005-09-28,306
2005-09-28 13:36:00,2005-09-28,606
2005-09-28 13:37:00,2005-09-28,1042
2005-09-28 13:38:00,2005-09-28,759
2005-09-28 13:39:00,2005-09-28,425
2005-09-28 13:40:00,2005-09-28,835
2005-09-28 13:41:00,2005-09-28,454
2005-09-28 13:42:00,2005-09-28,734
2005-09-28 13:43:00,2005-09-28,712
2005-09-28 13:44:00,2005-09-28,568
2005-09-28 13:45:00,2005-09-28,809
2005-09-28 13:46:00,2005-09-28,1260
2005-09-28 13:47:00,2005-09-28,1182
2005-09-28 13:48:00,2005-09-28,1428
2005-09-28 13:49:00,2005-09-28,1428
2005-09-28 13:50:00,2005-09-28,835
2005-09-28 13:51:00,2005-09-28,809
2005-09-28 13:52:00,2005-09-28,890
2005-09-28 13:53:00,2005-09-28,606
2005-09-28 13:54:00,2005-09-28,667
2005-09-28 13:55:00,2005-09-28,626
2005-09-28 13:56:00,2005-09-28,533
2005-09-28 13:57:00,2005-09-28,568
2005-09-28 13:58:00,2005-09-28,568
2005-09-28 13:59:00,2005-09-28,349
2005-09-28 14:00:00,2005-09-28,550
2005-09-28 14:01:00,2005-09-28,783
2005-09-28 14:02:00,2005-09-28,242
2005-09-28 14:03:00,2005-09-28,862
2005-09-28 14:04:00,2005-09-28,1042
2005-09-28 14:05:00,2005-09-28,606
2005-09-28 14:06:00,2005-09-28,454
2005-09-28 14:07:00,2005-09-28,626
2005-09-28 14:08:00,2005-09-28,667
2005-09-28 14:09:00,2005-09-28,689
2005-09-28 14:10:00,2005-09-28,469
2005-09-28 14:11:00,2005-09-28,835
2005-09-28 14:12:00,2005-09-28,626
2005-09-28 14:13:00,2005-09-28,568
2005-09-28 14:14:00,2005-09-28,469
2005-09-28 14:15:00,2005-09-28,411
2005-09-28 14:16:00,2005-09-28,712
2005-09-28 14:17:00,2005-09-28,500
2005-09-28 14:18:00,2005-09-28,783
2005-09-28 14:19:00,2005-09-28,227
2005-09-28 14:20:00,2005-09-28,58
2005-09-28 14:21:00,2005-09-28,37
2005-09-28 14:22:00,2005-09-28,242
2005-09-28 14:23:00,2005-09-28,268
2005-09-28 14:24:00,2005-09-28,485
2005-09-28 14:25:00,2005-09-28,517
2005-09-28 14:26:00,2005-09-28,550
2005-09-28 14:27:00,2005-09-28,568
2005-09-28 14:28:00,2005-09-28,349
2005-09-28 14:29:00,2005-09-28,398
2005-09-28 14:30:00,2005-09-28,712
2005-09-28 14:31:00,2005-09-28,606
2005-09-28 14:32:00,2005-09-28,517
2005-09-28 14:33:00,2005-09-28,734
2005-09-28 14:34:00,2005-09-28,550
2005-09-28 14:35:00,2005-09-28,862
2005-09-28 14:36:00,2005-09-28,606
2005-09-28 14:37:00,2005-09-28,712
2005-09-28 14:38:00,2005-09-28,259
2005-09-28 14:39:00,2005-09-28,862
2005-09-28 14:40:00,2005-09-28,890
2005-09-28 14:41:00,2005-09-28,712
2005-09-28 14:42:00,2005-09-28,425
2005-09-28 14:43:00,2005-09-28,500
2005-09-28 14:44:00,2005-09-28,235
2005-09-28 14:45:00,2005-09-28,306
2005-09-28 14:46:00,2005-09-28,212
2005-09-28 14:47:00,2005-09-28,212
2005-09-28 14:48:00,2005-09-28,212
2005-09-28 14:49:00,2005-09-28,286
2005-09-28 14:50:00,2005-09-28,154
2005-09-28 14:51:00,2005-09-28,425
2005-09-28 14:52:00,2005-09-28,425
2005-09-28 14:53:00,2005-09-28,890
2005-09-28 14:54:00,2005-09-28,454
2005-09-28 14:55:00,2005-09-28,85
2005-09-28 14:56:00,2005-09-28,82
2005-09-28 14:57:00,2005-09-28,116
2005-09-28 14:58:00,2005-09-28,139
2005-09-28 14:59:00,2005-09-28,61
2005-09-28 15:00:00,2005-09-28,79
2005-09-28 15:01:00,2005-09-28,130
2005-09-28 15:02:00,2005-09-28,517
2005-09-28 15:03:00,2005-09-28,500
2005-09-28 15:04:00,2005-09-28,0
2005-09-28 15:05:00,2005-09-28,23
2005-09-28 15:06:00,2005-09-28,29
2005-09-28 15:07:00,2005-09-28,0
2005-09-28 15:08:00,2005-09-28,0
2005-09-28 15:09:00,2005-09-28,35
2005-09-28 15:10:00,2005-09-28,24
2005-09-28 15:11:00,2005-09-28,0
2005-09-28 15:12:00,2005-09-28,0
2005-09-28 15:13:00,2005-09-28,0
2005-09-28 15:14:00,2005-09-28,0
2005-09-28 15:15:00,2005-09-28,0
2005-09-28 15:16:00,2005-09-28,0
2005-09-28 15:17:00,2005-09-28,0
2005-09-28 15:18:00,2005-09-28,0
2005-09-28 15:19:00,2005-09-28,0
2005-09-28 15:20:00,2005-09-28,0
2005-09-28 15:21:00,2005-09-28,0
2005-09-28 15:22:00,2005-09-28,0
2005-09-28 15:23:00,2005-09-28,0
2005-09-28 15:24:00,2005-09-28,0
2005-09-28 15:25:00,2005-09-28,0
2005-09-28 15:26:00,2005-09-28,0
2005-09-28 15:27:00,2005-09-28,0
2005-09-28 15:28:00,2005-09-28,0
2005-09-28 15:29:00,2005-09-28,0
2005-09-28 15:30:00,2005-09-28,0
2005-09-28 15:31:00,2005-09-28,0
2005-09-28 15:32:00,2005-09-28,0
2005-09-28 15:33:00,2005-09-28,0
2005-09-28 15:34:00,2005-09-28,0
2005-09-28 15:35:00,2005-09-28,0
2005-09-28 15:36:00,2005-09-28,0
2005-09-28 15:37:00,2005-09-28,0
2005-09-28 15:38:00,2005-09-28,0
2005-09-28 15:39:00,2005-09-28,82
2005-09-28 15:40:00,2005-09-28,0
2005-09-28 15:41:00,2005-09-28,0
2005-09-28 15:42:00,2005-09-28,0
2005-09-28 15:43:00,2005-09-28,0
2005-09-28 15:44:00,2005-09-28,0
2005-09-28 15:45:00,2005-09-28,0
2005-09-28 15:46:00,2005-09-28,0
2005-09-28 15:47:00,2005-09-28,0
2005-09-28 15:48:00,2005-09-28,0
2005-09-28 15:49:00,2005-09-28,55
2005-09-28 15:50:00,2005-09-28,0
2005-09-28 15:51:00,2005-09-28,0
2005-09-28 15:52:00,2005-09-28,0
2005-09-28 15:53:00,2005-09-28,0
2005-09-28 15:54:00,2005-09-28,0
2005-09-28 15:55:00,2005-09-28,0
2005-09-28 15:56:00,2005-09-28,0
2005-09-28 15:57:00,2005-09-28,130
2005-09-28 15:58:00,2005-09-28,0
2005-09-28 15:59:00,2005-09-28,0
2005-09-28 16:00:00,2005-09-28,0
2005-09-28 16:01:00,2005-09-28,0
2005-09-28 16:02:00,2005-09-28,29
2005-09-28 16:03:00,2005-09-28,27
2005-09-28 16:04:00,2005-09-28,0
2005-09-28 16:05:00,2005-09-28,0
2005-09-28 16:06:00,2005-09-28,587
2005-09-28 16:07:00,2005-09-28,783
2005-09-28 16:08:00,2005-09-28,197
2005-09-28 16:09:00,2005-09-28,143
2005-09-28 16:10:00,2005-09-28,517
2005-09-28 16:11:00,2005-09-28,1521
2005-09-28 16:12:00,2005-09-28,689
2005-09-28 16:13:00,2005-09-28,1260
2005-09-28 16:14:00,2005-09-28,1111
2005-09-28 16:15:00,2005-09-28,1076
2005-09-28 16:16:00,2005-09-28,587
2005-09-28 16:17:00,2005-09-28,978
2005-09-28 16:18:00,2005-09-28,734
2005-09-28 16:19:00,2005-09-28,398
2005-09-28 16:20:00,2005-09-28,439
2005-09-28 16:21:00,2005-09-28,439
2005-09-28 16:22:00,2005-09-28,373
2005-09-28 16:23:00,2005-09-28,517
2005-09-28 16:24:00,2005-09-28,373
2005-09-28 16:25:00,2005-09-28,286
2005-09-28 16:26:00,2005-09-28,227
2005-09-28 16:27:00,2005-09-28,143
2005-09-28 16:28:00,2005-09-28,712
2005-09-28 16:29:00,2005-09-28,469
2005-09-28 16:30:00,2005-09-28,919
2005-09-28 16:31:00,2005-09-28,809
2005-09-28 16:32:00,2005-09-28,1042
2005-09-28 16:33:00,2005-09-28,1076
2005-09-28 16:34:00,2005-09-28,809
2005-09-28 16:35:00,2005-09-28,1384
2005-09-28 16:36:00,2005-09-28,948
2005-09-28 16:37:00,2005-09-28,1042
2005-09-28 16:38:00,2005-09-28,550
2005-09-28 16:39:00,2005-09-28,317
2005-09-28 16:40:00,2005-09-28,317
2005-09-28 16:41:00,2005-09-28,485
2005-09-28 16:42:00,2005-09-28,154
2005-09-28 16:43:00,2005-09-28,606
2005-09-28 16:44:00,2005-09-28,978
2005-09-28 16:45:00,2005-09-28,783
2005-09-28 16:46:00,2005-09-28,712
2005-09-28 16:47:00,2005-09-28,606
2005-09-28 16:48:00,2005-09-28,1146
2005-09-28 16:49:00,2005-09-28,338
2005-09-28 16:50:00,2005-09-28,172
2005-09-28 16:51:00,2005-09-28,469
2005-09-28 16:52:00,2005-09-28,485
2005-09-28 16:53:00,2005-09-28,79
2005-09-28 16:54:00,2005-09-28,227
2005-09-28 16:55:00,2005-09-28,338
2005-09-28 16:56:00,2005-09-28,328
2005-09-28 16:57:00,2005-09-28,485
2005-09-28 16:58:00,2005-09-28,398
2005-09-28 16:59:00,2005-09-28,734
2005-09-28 17:00:00,2005-09-28,1146
2005-09-28 17:01:00,2005-09-28,500
2005-09-28 17:02:00,2005-09-28,349
2005-09-28 17:03:00,2005-09-28,398
2005-09-28 17:04:00,2005-09-28,20
2005-09-28 17:05:00,2005-09-28,242
2005-09-28 17:06:00,2005-09-28,890
2005-09-28 17:07:00,2005-09-28,1042
2005-09-28 17:08:00,2005-09-28,712
2005-09-28 17:09:00,2005-09-28,667
2005-09-28 17:10:00,2005-09-28,1111
2005-09-28 17:11:00,2005-09-28,948
2005-09-28 17:12:00,2005-09-28,809
2005-09-28 17:13:00,2005-09-28,626
2005-09-28 17:14:00,2005-09-28,1076
2005-09-28 17:15:00,2005-09-28,759
2005-09-28 17:16:00,2005-09-28,550
2005-09-28 17:17:00,2005-09-28,862
2005-09-28 17:18:00,2005-09-28,783
2005-09-28 17:19:00,2005-09-28,259
2005-09-28 17:20:00,2005-09-28,568
2005-09-28 17:21:00,2005-09-28,454
2005-09-28 17:22:00,2005-09-28,550
2005-09-28 17:23:00,2005-09-28,178
2005-09-28 17:24:00,2005-09-28,306
2005-09-28 17:25:00,2005-09-28,469
2005-09-28 17:26:00,2005-09-28,398
2005-09-28 17:27:00,2005-09-28,759
2005-09-28 17:28:00,2005-09-28,667
2005-09-28 17:29:00,2005-09-28,948
2005-09-28 17:30:00,2005-09-28,411
2005-09-28 17:31:00,2005-09-28,587
2005-09-28 17:32:00,2005-09-28,712
2005-09-28 17:33:00,2005-09-28,485
2005-09-28 17:34:00,2005-09-28,1146
2005-09-28 17:35:00,2005-09-28,783
2005-09-28 17:36:00,2005-09-28,646
2005-09-28 17:37:00,2005-09-28,626
2005-09-28 17:38:00,2005-09-28,1076
2005-09-28 17:39:00,2005-09-28,759
2005-09-28 17:40:00,2005-09-28,226
2005-09-28 17:41:00,2005-09-28,226
2005-09-28 17:42:00,2005-09-28,226
2005-09-28 17:43:00,2005-09-28,226
2005-09-28 17:44:00,2005-09-28,226
2005-09-28 17:45:00,2005-09-28,226
2005-09-28 17:46:00,2005-09-28,226
2005-09-28 17:47:00,2005-09-28,226
2005-09-28 17:48:00,2005-09-28,226
2005-09-28 17:49:00,2005-09-28,226
2005-09-28 17:50:00,2005-09-28,226
2005-09-28 17:51:00,2005-09-28,226
2005-09-28 17:52:00,2005-09-28,226
2005-09-28 17:53:00,2005-09-28,226
2005-09-28 17:54:00,2005-09-28,226
2005-09-28 17:55:00,2005-09-28,226
2005-09-28 17:56:00,2005-09-28,226
2005-09-28 17:57:00,2005-09-28,226
2005-09-28 17:58:00,2005-09-28,226
2005-09-28 17:59:00,2005-09-28,226
2005-09-28 18:00:00,2005-09-28,759
2005-09-28 18:01:00,2005-09-28,1428
2005-09-28 18:02:00,2005-09-28,783
2005-09-28 18:03:00,2005-09-28,485
2005-09-28 18:04:00,2005-09-28,386
2005-09-28 18:05:00,2005-09-28,646
2005-09-28 18:06:00,2005-09-28,517
2005-09-28 18:07:00,2005-09-28,485
2005-09-28 18:08:00,2005-09-28,439
2005-09-28 18:09:00,2005-09-28,1010
2005-09-28 18:10:00,2005-09-28,454
2005-09-28 18:11:00,2005-09-28,606
2005-09-28 18:12:00,2005-09-28,1076
2005-09-28 18:13:00,2005-09-28,919
2005-09-28 18:14:00,2005-09-28,948
2005-09-28 18:15:00,2005-09-28,1182
2005-09-28 18:16:00,2005-09-28,835
2005-09-28 18:17:00,2005-09-28,268
2005-09-28 18:18:00,2005-09-28,306
2005-09-28 18:19:00,2005-09-28,125
2005-09-28 18:20:00,2005-09-28,160
2005-09-28 18:21:00,2005-09-28,550
2005-09-28 18:22:00,2005-09-28,386
2005-09-28 18:23:00,2005-09-28,134
2005-09-28 18:24:00,2005-09-28,160
2005-09-28 18:25:00,2005-09-28,11
2005-09-28 18:26:00,2005-09-28,17
2005-09-28 18:27:00,2005-09-28,58
2005-09-28 18:28:00,2005-09-28,29
2005-09-28 18:29:00,2005-09-28,32
2005-09-28 18:30:00,2005-09-28,0
2005-09-28 18:31:00,2005-09-28,0
2005-09-28 18:32:00,2005-09-28,46
2005-09-28 18:33:00,2005-09-28,148
2005-09-28 18:34:00,2005-09-28,37
2005-09-28 18:35:00,2005-09-28,47
2005-09-28 18:36:00,2005-09-28,148
2005-09-28 18:37:00,2005-09-28,49
2005-09-28 18:38:00,2005-09-28,15
2005-09-28 18:39:00,2005-09-28,14
2005-09-28 18:40:00,2005-09-28,29
2005-09-28 18:41:00,2005-09-28,0
2005-09-28 18:42:00,2005-09-28,14
2005-09-28 18:43:00,2005-09-28,111
2005-09-28 18:44:00,2005-09-28,0
2005-09-28 18:45:00,2005-09-28,0
2005-09-28 18:46:00,2005-09-28,0
2005-09-28 18:47:00,2005-09-28,0
2005-09-28 18:48:00,2005-09-28,0
2005-09-28 18:49:00,2005-09-28,0
2005-09-28 18:50:00,2005-09-28,0
2005-09-28 18:51:00,2005-09-28,0
2005-09-28 18:52:00,2005-09-28,0
2005-09-28 18:53:00,2005-09-28,0
2005-09-28 18:54:00,2005-09-28,30
2005-09-28 18:55:00,2005-09-28,0
2005-09-28 18:56:00,2005-09-28,0
2005-09-28 18:57:00,2005-09-28,0
2005-09-28 18:58:00,2005-09-28,0
2005-09-28 18:59:00,2005-09-28,0
2005-09-28 19:00:00,2005-09-28,17
2005-09-28 19:01:00,2005-09-28,15
2005-09-28 19:02:00,2005-09-28,0
2005-09-28 19:03:00,2005-09-28,0
2005-09-28 19:04:00,2005-09-28,0
2005-09-28 19:05:00,2005-09-28,32
2005-09-28 19:06:00,2005-09-28,0
2005-09-28 19:07:00,2005-09-28,0
2005-09-28 19:08:00,2005-09-28,12
2005-09-28 19:09:00,2005-09-28,64
2005-09-28 19:10:00,2005-09-28,0
2005-09-28 19:11:00,2005-09-28,0
2005-09-28 19:12:00,2005-09-28,0
2005-09-28 19:13:00,2005-09-28,172
2005-09-28 19:14:00,2005-09-28,130
2005-09-28 19:15:00,2005-09-28,0
2005-09-28 19:16:00,2005-09-28,0
2005-09-28 19:17:00,2005-09-28,0
2005-09-28 19:18:00,2005-09-28,24
2005-09-28 19:19:00,2005-09-28,0
2005-09-28 19:20:00,2005-09-28,0
2005-09-28 19:21:00,2005-09-28,0
2005-09-28 19:22:00,2005-09-28,15
2005-09-28 19:23:00,2005-09-28,0
2005-09-28 19:24:00,2005-09-28,52
2005-09-28 19:25:00,2005-09-28,0
2005-09-28 19:26:00,2005-09-28,0
2005-09-28 19:27:00,2005-09-28,0
2005-09-28 19:28:00,2005-09-28,24
2005-09-28 19:29:00,2005-09-28,626
2005-09-28 19:30:00,2005-09-28,890
2005-09-28 19:31:00,2005-09-28,268
2005-09-28 19:32:00,2005-09-28,500
2005-09-28 19:33:00,2005-09-28,469
2005-09-28 19:34:00,2005-09-28,398
2005-09-28 19:35:00,2005-09-28,517
2005-09-28 19:36:00,2005-09-28,1042
2005-09-28 19:37:00,2005-09-28,485
2005-09-28 19:38:00,2005-09-28,606
2005-09-28 19:39:00,2005-09-28,338
2005-09-28 19:40:00,2005-09-28,386
2005-09-28 19:41:00,2005-09-28,219
2005-09-28 19:42:00,2005-09-28,70
2005-09-28 19:43:00,2005-09-28,235
2005-09-28 19:44:00,2005-09-28,338
2005-09-28 19:45:00,2005-09-28,166
2005-09-28 19:46:00,2005-09-28,361
2005-09-28 19:47:00,2005-09-28,85
2005-09-28 19:48:00,2005-09-28,38
2005-09-28 19:49:00,2005-09-28,296
2005-09-28 19:50:00,2005-09-28,277
2005-09-28 19:51:00,2005-09-28,91
2005-09-28 19:52:00,2005-09-28,70
2005-09-28 19:53:00,2005-09-28,166
2005-09-28 19:54:00,2005-09-28,296
2005-09-28 19:55:00,2005-09-28,73
2005-09-28 19:56:00,2005-09-28,9
2005-09-28 19:57:00,2005-09-28,268
2005-09-28 19:58:00,2005-09-28,46
2005-09-28 19:59:00,2005-09-28,98
2005-09-28 20:00:00,2005-09-28,154
2005-09-28 20:01:00,2005-09-28,40
2005-09-28 20:02:00,2005-09-28,219
2005-09-28 20:03:00,2005-09-28,102
2005-09-28 20:04:00,2005-09-28,160
2005-09-28 20:05:00,2005-09-28,190
2005-09-28 20:06:00,2005-09-28,425
2005-09-28 20:07:00,2005-09-28,34
2005-09-28 20:08:00,2005-09-28,82
2005-09-28 20:09:00,2005-09-28,116
2005-09-28 20:10:00,2005-09-28,166
2005-09-28 20:11:00,2005-09-28,184
2005-09-28 20:12:00,2005-09-28,11
2005-09-28 20:13:00,2005-09-28,219
2005-09-28 20:14:00,2005-09-28,212
2005-09-28 20:15:00,2005-09-28,160
2005-09-28 20:16:00,2005-09-28,184
2005-09-28 20:17:00,2005-09-28,107
2005-09-28 20:18:00,2005-09-28,67
2005-09-28 20:19:00,2005-09-28,64
2005-09-28 20:20:00,2005-09-28,184
2005-09-28 20:21:00,2005-09-28,52
2005-09-28 20:22:00,2005-09-28,29
2005-09-28 20:23:00,2005-09-28,0
2005-09-28 20:24:00,2005-09-28,14
2005-09-28 20:25:00,2005-09-28,76
2005-09-28 20:26:00,2005-09-28,125
2005-09-28 20:27:00,2005-09-28,568
2005-09-28 20:28:00,2005-09-28,120
2005-09-28 20:29:00,2005-09-28,626
2005-09-28 20:30:00,2005-09-28,154
2005-09-28 20:31:00,2005-09-28,783
2005-09-28 20:32:00,2005-09-28,759
2005-09-28 20:33:00,2005-09-28,125
2005-09-28 20:34:00,2005-09-28,116
2005-09-28 20:35:00,2005-09-28,454
2005-09-28 20:36:00,2005-09-28,667
2005-09-28 20:37:00,2005-09-28,259
2005-09-28 20:38:00,2005-09-28,296
2005-09-28 20:39:00,2005-09-28,9
2005-09-28 20:40:00,2005-09-28,0
2005-09-28 20:41:00,2005-09-28,626
2005-09-28 20:42:00,2005-09-28,1111
2005-09-28 20:43:00,2005-09-28,734
2005-09-28 20:44:00,2005-09-28,1672
2005-09-28 20:45:00,2005-09-28,568
2005-09-28 20:46:00,2005-09-28,20
2005-09-28 20:47:00,2005-09-28,9
2005-09-28 20:48:00,2005-09-28,17
2005-09-28 20:49:00,2005-09-28,12
2005-09-28 20:50:00,2005-09-28,52
2005-09-28 20:51:00,2005-09-28,49
2005-09-28 20:52:00,2005-09-28,12
2005-09-28 20:53:00,2005-09-28,64
2005-09-28 20:54:00,2005-09-28,0
2005-09-28 20:55:00,2005-09-28,0
2005-09-28 20:56:00,2005-09-28,26
2005-09-28 20:57:00,2005-09-28,0
2005-09-28 20:58:00,2005-09-28,76
2005-09-28 20:59:00,2005-09-28,55
2005-09-28 21:00:00,2005-09-28,0
2005-09-28 21:01:00,2005-09-28,0
2005-09-28 21:02:00,2005-09-28,0
2005-09-28 21:03:00,2005-09-28,0
2005-09-28 21:04:00,2005-09-28,0
2005-09-28 21:05:00,2005-09-28,3
2005-09-28 21:06:00,2005-09-28,21
2005-09-28 21:07:00,2005-09-28,0
2005-09-28 21:08:00,2005-09-28,0
2005-09-28 21:09:00,2005-09-28,11
2005-09-28 21:10:00,2005-09-28,0
2005-09-28 21:11:00,2005-09-28,0
2005-09-28 21:12:00,2005-09-28,0
2005-09-28 21:13:00,2005-09-28,73
2005-09-28 21:14:00,2005-09-28,0
2005-09-28 21:15:00,2005-09-28,0
2005-09-28 21:16:00,2005-09-28,0
2005-09-28 21:17:00,2005-09-28,134
2005-09-28 21:18:00,2005-09-28,0
2005-09-28 21:19:00,2005-09-28,0
2005-09-28 21:20:00,2005-09-28,0
2005-09-28 21:21:00,2005-09-28,154
2005-09-28 21:22:00,2005-09-28,0
2005-09-28 21:23:00,2005-09-28,0
2005-09-28 21:24:00,2005-09-28,0
2005-09-28 21:25:00,2005-09-28,0
2005-09-28 21:26:00,2005-09-28,0
2005-09-28 21:27:00,2005-09-28,0
2005-09-28 21:28:00,2005-09-28,0
2005-09-28 21:29:00,2005-09-28,5
2005-09-28 21:30:00,2005-09-28,0
2005-09-28 21:31:00,2005-09-28,0
2005-09-28 21:32:00,2005-09-28,0
2005-09-28 21:33:00,2005-09-28,0
2005-09-28 21:34:00,2005-09-28,120
2005-09-28 21:35:00,2005-09-28,8
2005-09-28 21:36:00,2005-09-28,0
2005-09-28 21:37:00,2005-09-28,0
2005-09-28 21:38:00,2005-09-28,15
2005-09-28 21:39:00,2005-09-28,0
2005-09-28 21:40:00,2005-09-28,0
2005-09-28 21:41:00,2005-09-28,0
2005-09-28 21:42:00,2005-09-28,0
2005-09-28 21:43:00,2005-09-28,98
2005-09-28 21:44:00,2005-09-28,14
2005-09-28 21:45:00,2005-09-28,0
2005-09-28 21:46:00,2005-09-28,0
2005-09-28 21:47:00,2005-09-28,0
2005-09-28 21:48:00,2005-09-28,0
2005-09-28 21:49:00,2005-09-28,0
2005-09-28 21:50:00,2005-09-28,24
2005-09-28 21:51:00,2005-09-28,0
2005-09-28 21:52:00,2005-09-28,0
2005-09-28 21:53:00,2005-09-28,0
2005-09-28 21:54:00,2005-09-28,306
2005-09-28 21:55:00,2005-09-28,626
2005-09-28 21:56:00,2005-09-28,411
2005-09-28 21:57:00,2005-09-28,667
2005-09-28 21:58:00,2005-09-28,328
2005-09-28 21:59:00,2005-09-28,550
2005-09-28 22:00:00,2005-09-28,411
2005-09-28 22:01:00,2005-09-28,606
2005-09-28 22:02:00,2005-09-28,398
2005-09-28 22:03:00,2005-09-28,978
2005-09-28 22:04:00,2005-09-28,349
2005-09-28 22:05:00,2005-09-28,689
2005-09-28 22:06:00,2005-09-28,454
2005-09-28 22:07:00,2005-09-28,1221
2005-09-28 22:08:00,2005-09-28,759
2005-09-28 22:09:00,2005-09-28,212
2005-09-28 22:10:00,2005-09-28,0
2005-09-28 22:11:00,2005-09-28,259
2005-09-28 22:12:00,2005-09-28,166
2005-09-28 22:13:00,2005-09-28,1146
2005-09-28 22:14:00,2005-09-28,485
2005-09-28 22:15:00,2005-09-28,0
2005-09-28 22:16:00,2005-09-28,0
2005-09-28 22:17:00,2005-09-28,0
2005-09-28 22:18:00,2005-09-28,0
2005-09-28 22:19:00,2005-09-28,0
2005-09-28 22:20:00,2005-09-28,0
2005-09-28 22:21:00,2005-09-28,3
2005-09-28 22:22:00,2005-09-28,0
2005-09-28 22:23:00,2005-09-28,0
2005-09-28 22:24:00,2005-09-28,0
2005-09-28 22:25:00,2005-09-28,0
2005-09-28 22:26:00,2005-09-28,21
2005-09-28 22:27:00,2005-09-28,0
2005-09-28 22:28:00,2005-09-28,0
2005-09-28 22:29:00,2005-09-28,0
2005-09-28 22:30:00,2005-09-28,0
2005-09-28 22:31:00,2005-09-28,0
2005-09-28 22:32:00,2005-09-28,0
2005-09-28 22:33:00,2005-09-28,0
2005-09-28 22:34:00,2005-09-28,55
2005-09-28 22:35:00,2005-09-28,5
2005-09-28 22:36:00,2005-09-28,0
2005-09-28 22:37:00,2005-09-28,0
2005-09-28 22:38:00,2005-09-28,0
2005-09-28 22:39:00,2005-09-28,0
2005-09-28 22:40:00,2005-09-28,0
2005-09-28 22:41:00,2005-09-28,0
2005-09-28 22:42:00,2005-09-28,0
2005-09-28 22:43:00,2005-09-28,0
2005-09-28 22:44:00,2005-09-28,0
2005-09-28 22:45:00,2005-09-28,0
2005-09-28 22:46:00,2005-09-28,0
2005-09-28 22:47:00,2005-09-28,0
2005-09-28 22:48:00,2005-09-28,0
2005-09-28 22:49:00,2005-09-28,0
2005-09-28 22:50:00,2005-09-28,0
2005-09-28 22:51:00,2005-09-28,0
2005-09-28 22:52:00,2005-09-28,30
2005-09-28 22:53:00,2005-09-28,0
2005-09-28 22:54:00,2005-09-28,0
2005-09-28 22:55:00,2005-09-28,0
2005-09-28 22:56:00,2005-09-28,0
2005-09-28 22:57:00,2005-09-28,0
2005-09-28 22:58:00,2005-09-28,0
2005-09-28 22:59:00,2005-09-28,0
2005-09-28 23:00:00,2005-09-28,0
2005-09-28 23:01:00,2005-09-28,0
2005-09-28 23:02:00,2005-09-28,0
2005-09-28 23:03:00,2005-09-28,0
2005-09-28 23:04:00,2005-09-28,0
2005-09-28 23:05:00,2005-09-28,0
2005-09-28 23:06:00,2005-09-28,0
2005-09-28 23:07:00,2005-09-28,0
2005-09-28 23:08:00,2005-09-28,0
2005-09-28 23:09:00,2005-09-28,317
2005-09-28 23:10:00,2005-09-28,0
2005-09-28 23:11:00,2005-09-28,0
2005-09-28 23:12:00,2005-09-28,0
2005-09-28 23:13:00,2005-09-28,0
2005-09-28 23:14:00,2005-09-28,0
2005-09-28 23:15:00,2005-09-28,0
2005-09-28 23:16:00,2005-09-28,0
2005-09-28 23:17:00,2005-09-28,0
2005-09-28 23:18:00,2005-09-28,0
2005-09-28 23:19:00,2005-09-28,0
2005-09-28 23:20:00,2005-09-28,0
2005-09-28 23:21:00,2005-09-28,0
2005-09-28 23:22:00,2005-09-28,0
2005-09-28 23:23:00,2005-09-28,0
2005-09-28 23:24:00,2005-09-28,0
2005-09-28 23:25:00,2005-09-28,0
2005-09-28 23:26:00,2005-09-28,0
2005-09-28 23:27:00,2005-09-28,0
2005-09-28 23:28:00,2005-09-28,0
2005-09-28 23:29:00,2005-09-28,0
2005-09-28 23:30:00,2005-09-28,0
2005-09-28 23:31:00,2005-09-28,0
2005-09-28 23:32:00,2005-09-28,0
2005-09-28 23:33:00,2005-09-28,0
2005-09-28 23:34:00,2005-09-28,0
2005-09-28 23:35:00,2005-09-28,0
2005-09-28 23:36:00,2005-09-28,0
2005-09-28 23:37:00,2005-09-28,0
2005-09-28 23:38:00,2005-09-28,0
2005-09-28 23:39:00,2005-09-28,0
2005-09-28 23:40:00,2005-09-28,0
2005-09-28 23:41:00,2005-09-28,0
2005-09-28 23:42:00,2005-09-28,0
2005-09-28 23:43:00,2005-09-28,0
2005-09-28 23:44:00,2005-09-28,0
2005-09-28 23:45:00,2005-09-28,0
2005-09-28 23:46:00,2005-09-28,0
2005-09-28 23:47:00,2005-09-28,0
2005-09-28 23:48:00,2005-09-28,0
2005-09-28 23:49:00,2005-09-28,0
2005-09-28 23:50:00,2005-09-28,0
2005-09-28 23:51:00,2005-09-28,0
2005-09-28 23:52:00,2005-09-28,0
2005-09-28 23:53:00,2005-09-28,0
2005-09-28 23:54:00,2005-09-28,0
2005-09-28 23:55:00,2005-09-28,0
2005-09-28 23:56:00,2005-09-28,0
2005-09-28 23:57:00,2005-09-28,0
2005-09-28 23:58:00,2005-09-28,0
2005-09-28 23:59:00,2005-09-28,0
2005-09-29 00:00:00,2005-09-29,0
2005-09-29 00:01:00,2005-09-29,0
2005-09-29 00:02:00,2005-09-29,0
2005-09-29 00:03:00,2005-09-29,0
2005-09-29 00:04:00,2005-09-29,0
2005-09-29 00:05:00,2005-09-29,0
2005-09-29 00:06:00,2005-09-29,0
2005-09-29 00:07:00,2005-09-29,0
2005-09-29 00:08:00,2005-09-29,0
2005-09-29 00:09:00,2005-09-29,0
2005-09-29 00:10:00,2005-09-29,0
2005-09-29 00:11:00,2005-09-29,0
2005-09-29 00:12:00,2005-09-29,0
2005-09-29 00:13:00,2005-09-29,0
2005-09-29 00:14:00,2005-09-29,0
2005-09-29 00:15:00,2005-09-29,0
2005-09-29 00:16:00,2005-09-29,0
2005-09-29 00:17:00,2005-09-29,0
2005-09-29 00:18:00,2005-09-29,0
2005-09-29 00:19:00,2005-09-29,143
2005-09-29 00:20:00,2005-09-29,0
2005-09-29 00:21:00,2005-09-29,0
2005-09-29 00:22:00,2005-09-29,0
2005-09-29 00:23:00,2005-09-29,0
2005-09-29 00:24:00,2005-09-29,0
2005-09-29 00:25:00,2005-09-29,0
2005-09-29 00:26:00,2005-09-29,0
2005-09-29 00:27:00,2005-09-29,0
2005-09-29 00:28:00,2005-09-29,58
2005-09-29 00:29:00,2005-09-29,0
2005-09-29 00:30:00,2005-09-29,0
2005-09-29 00:31:00,2005-09-29,0
2005-09-29 00:32:00,2005-09-29,0
2005-09-29 00:33:00,2005-09-29,0
2005-09-29 00:34:00,2005-09-29,0
2005-09-29 00:35:00,2005-09-29,0
2005-09-29 00:36:00,2005-09-29,0
2005-09-29 00:37:00,2005-09-29,0
2005-09-29 00:38:00,2005-09-29,0
2005-09-29 00:39:00,2005-09-29,0
2005-09-29 00:40:00,2005-09-29,0
2005-09-29 00:41:00,2005-09-29,0
2005-09-29 00:42:00,2005-09-29,0
2005-09-29 00:43:00,2005-09-29,0
2005-09-29 00:44:00,2005-09-29,0
2005-09-29 00:45:00,2005-09-29,0
2005-09-29 00:46:00,2005-09-29,0
2005-09-29 00:47:00,2005-09-29,0
2005-09-29 00:48:00,2005-09-29,0
2005-09-29 00:49:00,2005-09-29,0
2005-09-29 00:50:00,2005-09-29,0
2005-09-29 00:51:00,2005-09-29,0
2005-09-29 00:52:00,2005-09-29,0
2005-09-29 00:53:00,2005-09-29,0
2005-09-29 00:54:00,2005-09-29,0
2005-09-29 00:55:00,2005-09-29,3
2005-09-29 00:56:00,2005-09-29,0
2005-09-29 00:57:00,2005-09-29,0
2005-09-29 00:58:00,2005-09-29,0
2005-09-29 00:59:00,2005-09-29,0
2005-09-29 01:00:00,2005-09-29,0
2005-09-29 01:01:00,2005-09-29,0
2005-09-29 01:02:00,2005-09-29,0
2005-09-29 01:03:00,2005-09-29,0
2005-09-29 01:04:00,2005-09-29,0
2005-09-29 01:05:00,2005-09-29,0
2005-09-29 01:06:00,2005-09-29,0
2005-09-29 01:07:00,2005-09-29,0
2005-09-29 01:08:00,2005-09-29,0
2005-09-29 01:09:00,2005-09-29,0
2005-09-29 01:10:00,2005-09-29,0
2005-09-29 01:11:00,2005-09-29,0
2005-09-29 01:12:00,2005-09-29,0
2005-09-29 01:13:00,2005-09-29,0
2005-09-29 01:14:00,2005-09-29,0
2005-09-29 01:15:00,2005-09-29,91
2005-09-29 01:16:00,2005-09-29,3
2005-09-29 01:17:00,2005-09-29,0
2005-09-29 01:18:00,2005-09-29,11
2005-09-29 01:19:00,2005-09-29,15
2005-09-29 01:20:00,2005-09-29,24
2005-09-29 01:21:00,2005-09-29,0
2005-09-29 01:22:00,2005-09-29,11
2005-09-29 01:23:00,2005-09-29,0
2005-09-29 01:24:00,2005-09-29,0
2005-09-29 01:25:00,2005-09-29,21
2005-09-29 01:26:00,2005-09-29,0
2005-09-29 01:27:00,2005-09-29,0
2005-09-29 01:28:00,2005-09-29,0
2005-09-29 01:29:00,2005-09-29,0
2005-09-29 01:30:00,2005-09-29,0
2005-09-29 01:31:00,2005-09-29,0
2005-09-29 01:32:00,2005-09-29,0
2005-09-29 01:33:00,2005-09-29,3
2005-09-29 01:34:00,2005-09-29,0
2005-09-29 01:35:00,2005-09-29,0
2005-09-29 01:36:00,2005-09-29,0
2005-09-29 01:37:00,2005-09-29,0
2005-09-29 01:38:00,2005-09-29,0
2005-09-29 01:39:00,2005-09-29,0
2005-09-29 01:40:00,2005-09-29,0
2005-09-29 01:41:00,2005-09-29,0
2005-09-29 01:42:00,2005-09-29,0
2005-09-29 01:43:00,2005-09-29,3
2005-09-29 01:44:00,2005-09-29,0
2005-09-29 01:45:00,2005-09-29,0
2005-09-29 01:46:00,2005-09-29,6
2005-09-29 01:47:00,2005-09-29,0
2005-09-29 01:48:00,2005-09-29,0
2005-09-29 01:49:00,2005-09-29,0
2005-09-29 01:50:00,2005-09-29,0
2005-09-29 01:51:00,2005-09-29,0
2005-09-29 01:52:00,2005-09-29,0
2005-09-29 01:53:00,2005-09-29,0
2005-09-29 01:54:00,2005-09-29,98
2005-09-29 01:55:00,2005-09-29,0
2005-09-29 01:56:00,2005-09-29,0
2005-09-29 01:57:00,2005-09-29,0
2005-09-29 01:58:00,2005-09-29,0
2005-09-29 01:59:00,2005-09-29,8
2005-09-29 02:00:00,2005-09-29,0
2005-09-29 02:01:00,2005-09-29,0
2005-09-29 02:02:00,2005-09-29,11
2005-09-29 02:03:00,2005-09-29,0
2005-09-29 02:04:00,2005-09-29,0
2005-09-29 02:05:00,2005-09-29,0
2005-09-29 02:06:00,2005-09-29,0
2005-09-29 02:07:00,2005-09-29,0
2005-09-29 02:08:00,2005-09-29,0
2005-09-29 02:09:00,2005-09-29,0
2005-09-29 02:10:00,2005-09-29,0
2005-09-29 02:11:00,2005-09-29,0
2005-09-29 02:12:00,2005-09-29,0
2005-09-29 02:13:00,2005-09-29,0
2005-09-29 02:14:00,2005-09-29,0
2005-09-29 02:15:00,2005-09-29,0
2005-09-29 02:16:00,2005-09-29,154
2005-09-29 02:17:00,2005-09-29,26
2005-09-29 02:18:00,2005-09-29,0
2005-09-29 02:19:00,2005-09-29,0
2005-09-29 02:20:00,2005-09-29,0
2005-09-29 02:21:00,2005-09-29,3
2005-09-29 02:22:00,2005-09-29,12
2005-09-29 02:23:00,2005-09-29,23
2005-09-29 02:24:00,2005-09-29,3
2005-09-29 02:25:00,2005-09-29,0
2005-09-29 02:26:00,2005-09-29,0
2005-09-29 02:27:00,2005-09-29,0
2005-09-29 02:28:00,2005-09-29,0
2005-09-29 02:29:00,2005-09-29,0
2005-09-29 02:30:00,2005-09-29,0
2005-09-29 02:31:00,2005-09-29,0
2005-09-29 02:32:00,2005-09-29,40
2005-09-29 02:33:00,2005-09-29,0
2005-09-29 02:34:00,2005-09-29,0
2005-09-29 02:35:00,2005-09-29,0
2005-09-29 02:36:00,2005-09-29,0
2005-09-29 02:37:00,2005-09-29,0
2005-09-29 02:38:00,2005-09-29,0
2005-09-29 02:39:00,2005-09-29,0
2005-09-29 02:40:00,2005-09-29,0
2005-09-29 02:41:00,2005-09-29,11
2005-09-29 02:42:00,2005-09-29,0
2005-09-29 02:43:00,2005-09-29,0
2005-09-29 02:44:00,2005-09-29,0
2005-09-29 02:45:00,2005-09-29,0
2005-09-29 02:46:00,2005-09-29,0
2005-09-29 02:47:00,2005-09-29,0
2005-09-29 02:48:00,2005-09-29,0
2005-09-29 02:49:00,2005-09-29,0
2005-09-29 02:50:00,2005-09-29,0
2005-09-29 02:51:00,2005-09-29,0
2005-09-29 02:52:00,2005-09-29,0
2005-09-29 02:53:00,2005-09-29,0
2005-09-29 02:54:00,2005-09-29,0
2005-09-29 02:55:00,2005-09-29,0
2005-09-29 02:56:00,2005-09-29,0
2005-09-29 02:57:00,2005-09-29,0
2005-09-29 02:58:00,2005-09-29,0
2005-09-29 02:59:00,2005-09-29,0
2005-09-29 03:00:00,2005-09-29,0
2005-09-29 03:01:00,2005-09-29,0
2005-09-29 03:02:00,2005-09-29,0
2005-09-29 03:03:00,2005-09-29,0
2005-09-29 03:04:00,2005-09-29,0
2005-09-29 03:05:00,2005-09-29,0
2005-09-29 03:06:00,2005-09-29,0
2005-09-29 03:07:00,2005-09-29,0
2005-09-29 03:08:00,2005-09-29,52
2005-09-29 03:09:00,2005-09-29,5
2005-09-29 03:10:00,2005-09-29,0
2005-09-29 03:11:00,2005-09-29,0
2005-09-29 03:12:00,2005-09-29,0
2005-09-29 03:13:00,2005-09-29,0
2005-09-29 03:14:00,2005-09-29,3
2005-09-29 03:15:00,2005-09-29,0
2005-09-29 03:16:00,2005-09-29,0
2005-09-29 03:17:00,2005-09-29,0
2005-09-29 03:18:00,2005-09-29,5
2005-09-29 03:19:00,2005-09-29,0
2005-09-29 03:20:00,2005-09-29,0
2005-09-29 03:21:00,2005-09-29,0
2005-09-29 03:22:00,2005-09-29,0
2005-09-29 03:23:00,2005-09-29,0
2005-09-29 03:24:00,2005-09-29,0
2005-09-29 03:25:00,2005-09-29,0
2005-09-29 03:26:00,2005-09-29,0
2005-09-29 03:27:00,2005-09-29,67
2005-09-29 03:28:00,2005-09-29,0
2005-09-29 03:29:00,2005-09-29,0
2005-09-29 03:30:00,2005-09-29,0
2005-09-29 03:31:00,2005-09-29,0
2005-09-29 03:32:00,2005-09-29,0
2005-09-29 03:33:00,2005-09-29,0
2005-09-29 03:34:00,2005-09-29,0
2005-09-29 03:35:00,2005-09-29,0
2005-09-29 03:36:00,2005-09-29,0
2005-09-29 03:37:00,2005-09-29,0
2005-09-29 03:38:00,2005-09-29,0
2005-09-29 03:39:00,2005-09-29,0
2005-09-29 03:40:00,2005-09-29,0
2005-09-29 03:41:00,2005-09-29,0
2005-09-29 03:42:00,2005-09-29,0
2005-09-29 03:43:00,2005-09-29,0
2005-09-29 03:44:00,2005-09-29,0
2005-09-29 03:45:00,2005-09-29,0
2005-09-29 03:46:00,2005-09-29,0
2005-09-29 03:47:00,2005-09-29,0
2005-09-29 03:48:00,2005-09-29,0
2005-09-29 03:49:00,2005-09-29,0
2005-09-29 03:50:00,2005-09-29,0
2005-09-29 03:51:00,2005-09-29,0
2005-09-29 03:52:00,2005-09-29,0
2005-09-29 03:53:00,2005-09-29,0
2005-09-29 03:54:00,2005-09-29,0
2005-09-29 03:55:00,2005-09-29,0
2005-09-29 03:56:00,2005-09-29,0
2005-09-29 03:57:00,2005-09-29,0
2005-09-29 03:58:00,2005-09-29,0
2005-09-29 03:59:00,2005-09-29,0
2005-09-29 04:00:00,2005-09-29,0
2005-09-29 04:01:00,2005-09-29,0
2005-09-29 04:02:00,2005-09-29,0
2005-09-29 04:03:00,2005-09-29,0
2005-09-29 04:04:00,2005-09-29,0
2005-09-29 04:05:00,2005-09-29,148
2005-09-29 04:06:00,2005-09-29,0
2005-09-29 04:07:00,2005-09-29,0
2005-09-29 04:08:00,2005-09-29,5
2005-09-29 04:09:00,2005-09-29,0
2005-09-29 04:10:00,2005-09-29,0
2005-09-29 04:11:00,2005-09-29,0
2005-09-29 04:12:00,2005-09-29,0
2005-09-29 04:13:00,2005-09-29,0
2005-09-29 04:14:00,2005-09-29,0
2005-09-29 04:15:00,2005-09-29,0
2005-09-29 04:16:00,2005-09-29,49
2005-09-29 04:17:00,2005-09-29,0
2005-09-29 04:18:00,2005-09-29,0
2005-09-29 04:19:00,2005-09-29,0
2005-09-29 04:20:00,2005-09-29,0
2005-09-29 04:21:00,2005-09-29,0
2005-09-29 04:22:00,2005-09-29,0
2005-09-29 04:23:00,2005-09-29,0
2005-09-29 04:24:00,2005-09-29,0
2005-09-29 04:25:00,2005-09-29,27
2005-09-29 04:26:00,2005-09-29,9
2005-09-29 04:27:00,2005-09-29,0
2005-09-29 04:28:00,2005-09-29,0
2005-09-29 04:29:00,2005-09-29,0
2005-09-29 04:30:00,2005-09-29,0
2005-09-29 04:31:00,2005-09-29,0
2005-09-29 04:32:00,2005-09-29,0
2005-09-29 04:33:00,2005-09-29,0
2005-09-29 04:34:00,2005-09-29,0
2005-09-29 04:35:00,2005-09-29,0
2005-09-29 04:36:00,2005-09-29,0
2005-09-29 04:37:00,2005-09-29,0
2005-09-29 04:38:00,2005-09-29,0
2005-09-29 04:39:00,2005-09-29,0
2005-09-29 04:40:00,2005-09-29,0
2005-09-29 04:41:00,2005-09-29,0
2005-09-29 04:42:00,2005-09-29,0
2005-09-29 04:43:00,2005-09-29,0
2005-09-29 04:44:00,2005-09-29,0
2005-09-29 04:45:00,2005-09-29,0
2005-09-29 04:46:00,2005-09-29,47
2005-09-29 04:47:00,2005-09-29,0
2005-09-29 04:48:00,2005-09-29,0
2005-09-29 04:49:00,2005-09-29,0
2005-09-29 04:50:00,2005-09-29,67
2005-09-29 04:51:00,2005-09-29,0
2005-09-29 04:52:00,2005-09-29,0
2005-09-29 04:53:00,2005-09-29,0
2005-09-29 04:54:00,2005-09-29,0
2005-09-29 04:55:00,2005-09-29,0
2005-09-29 04:56:00,2005-09-29,0
2005-09-29 04:57:00,2005-09-29,0
2005-09-29 04:58:00,2005-09-29,0
2005-09-29 04:59:00,2005-09-29,0
2005-09-29 05:00:00,2005-09-29,0
2005-09-29 05:01:00,2005-09-29,0
2005-09-29 05:02:00,2005-09-29,0
2005-09-29 05:03:00,2005-09-29,0
2005-09-29 05:04:00,2005-09-29,0
2005-09-29 05:05:00,2005-09-29,14
2005-09-29 05:06:00,2005-09-29,0
2005-09-29 05:07:00,2005-09-29,0
2005-09-29 05:08:00,2005-09-29,0
2005-09-29 05:09:00,2005-09-29,0
2005-09-29 05:10:00,2005-09-29,0
2005-09-29 05:11:00,2005-09-29,0
2005-09-29 05:12:00,2005-09-29,0
2005-09-29 05:13:00,2005-09-29,0
2005-09-29 05:14:00,2005-09-29,0
2005-09-29 05:15:00,2005-09-29,0
2005-09-29 05:16:00,2005-09-29,0
2005-09-29 05:17:00,2005-09-29,0
2005-09-29 05:18:00,2005-09-29,0
2005-09-29 05:19:00,2005-09-29,0
2005-09-29 05:20:00,2005-09-29,0
2005-09-29 05:21:00,2005-09-29,0
2005-09-29 05:22:00,2005-09-29,0
2005-09-29 05:23:00,2005-09-29,0
2005-09-29 05:24:00,2005-09-29,0
2005-09-29 05:25:00,2005-09-29,0
2005-09-29 05:26:00,2005-09-29,0
2005-09-29 05:27:00,2005-09-29,15
2005-09-29 05:28:00,2005-09-29,0
2005-09-29 05:29:00,2005-09-29,0
2005-09-29 05:30:00,2005-09-29,0
2005-09-29 05:31:00,2005-09-29,0
2005-09-29 05:32:00,2005-09-29,0
2005-09-29 05:33:00,2005-09-29,0
2005-09-29 05:34:00,2005-09-29,0
2005-09-29 05:35:00,2005-09-29,0
2005-09-29 05:36:00,2005-09-29,0
2005-09-29 05:37:00,2005-09-29,0
2005-09-29 05:38:00,2005-09-29,0
2005-09-29 05:39:00,2005-09-29,166
2005-09-29 05:40:00,2005-09-29,52
2005-09-29 05:41:00,2005-09-29,0
2005-09-29 05:42:00,2005-09-29,0
2005-09-29 05:43:00,2005-09-29,27
2005-09-29 05:44:00,2005-09-29,0
2005-09-29 05:45:00,2005-09-29,0
2005-09-29 05:46:00,2005-09-29,0
2005-09-29 05:47:00,2005-09-29,0
2005-09-29 05:48:00,2005-09-29,0
2005-09-29 05:49:00,2005-09-29,88
2005-09-29 05:50:00,2005-09-29,0
2005-09-29 05:51:00,2005-09-29,0
2005-09-29 05:52:00,2005-09-29,0
2005-09-29 05:53:00,2005-09-29,0
2005-09-29 05:54:00,2005-09-29,0
2005-09-29 05:55:00,2005-09-29,0
2005-09-29 05:56:00,2005-09-29,0
2005-09-29 05:57:00,2005-09-29,0
2005-09-29 05:58:00,2005-09-29,0
2005-09-29 05:59:00,2005-09-29,0
2005-09-29 06:00:00,2005-09-29,0
2005-09-29 06:01:00,2005-09-29,0
2005-09-29 06:02:00,2005-09-29,3
2005-09-29 06:03:00,2005-09-29,0
2005-09-29 06:04:00,2005-09-29,0
2005-09-29 06:05:00,2005-09-29,0
2005-09-29 06:06:00,2005-09-29,0
2005-09-29 06:07:00,2005-09-29,0
2005-09-29 06:08:00,2005-09-29,0
2005-09-29 06:09:00,2005-09-29,0
2005-09-29 06:10:00,2005-09-29,0
2005-09-29 06:11:00,2005-09-29,0
2005-09-29 06:12:00,2005-09-29,0
2005-09-29 06:13:00,2005-09-29,0
2005-09-29 06:14:00,2005-09-29,0
2005-09-29 06:15:00,2005-09-29,0
2005-09-29 06:16:00,2005-09-29,0
2005-09-29 06:17:00,2005-09-29,0
2005-09-29 06:18:00,2005-09-29,0
2005-09-29 06:19:00,2005-09-29,0
2005-09-29 06:20:00,2005-09-29,0
2005-09-29 06:21:00,2005-09-29,197
2005-09-29 06:22:00,2005-09-29,0
2005-09-29 06:23:00,2005-09-29,0
2005-09-29 06:24:00,2005-09-29,0
2005-09-29 06:25:00,2005-09-29,0
2005-09-29 06:26:00,2005-09-29,0
2005-09-29 06:27:00,2005-09-29,0
2005-09-29 06:28:00,2005-09-29,0
2005-09-29 06:29:00,2005-09-29,0
2005-09-29 06:30:00,2005-09-29,0
2005-09-29 06:31:00,2005-09-29,0
2005-09-29 06:32:00,2005-09-29,0
2005-09-29 06:33:00,2005-09-29,0
2005-09-29 06:34:00,2005-09-29,0
2005-09-29 06:35:00,2005-09-29,0
2005-09-29 06:36:00,2005-09-29,0
2005-09-29 06:37:00,2005-09-29,0
2005-09-29 06:38:00,2005-09-29,0
2005-09-29 06:39:00,2005-09-29,0
2005-09-29 06:40:00,2005-09-29,0
2005-09-29 06:41:00,2005-09-29,0
2005-09-29 06:42:00,2005-09-29,0
2005-09-29 06:43:00,2005-09-29,0
2005-09-29 06:44:00,2005-09-29,0
2005-09-29 06:45:00,2005-09-29,0
2005-09-29 06:46:00,2005-09-29,0
2005-09-29 06:47:00,2005-09-29,0
2005-09-29 06:48:00,2005-09-29,0
2005-09-29 06:49:00,2005-09-29,0
2005-09-29 06:50:00,2005-09-29,0
2005-09-29 06:51:00,2005-09-29,0
2005-09-29 06:52:00,2005-09-29,0
2005-09-29 06:53:00,2005-09-29,0
2005-09-29 06:54:00,2005-09-29,0
2005-09-29 06:55:00,2005-09-29,20
2005-09-29 06:56:00,2005-09-29,3
2005-09-29 06:57:00,2005-09-29,0
2005-09-29 06:58:00,2005-09-29,41
2005-09-29 06:59:00,2005-09-29,0
2005-09-29 07:00:00,2005-09-29,0
2005-09-29 07:01:00,2005-09-29,0
2005-09-29 07:02:00,2005-09-29,0
2005-09-29 07:03:00,2005-09-29,0
2005-09-29 07:04:00,2005-09-29,148
2005-09-29 07:05:00,2005-09-29,0
2005-09-29 07:06:00,2005-09-29,0
2005-09-29 07:07:00,2005-09-29,0
2005-09-29 07:08:00,2005-09-29,0
2005-09-29 07:09:00,2005-09-29,0
2005-09-29 07:10:00,2005-09-29,0
2005-09-29 07:11:00,2005-09-29,0
2005-09-29 07:12:00,2005-09-29,0
2005-09-29 07:13:00,2005-09-29,0
2005-09-29 07:14:00,2005-09-29,0
2005-09-29 07:15:00,2005-09-29,0
2005-09-29 07:16:00,2005-09-29,0
2005-09-29 07:17:00,2005-09-29,0
2005-09-29 07:18:00,2005-09-29,0
2005-09-29 07:19:00,2005-09-29,0
2005-09-29 07:20:00,2005-09-29,0
2005-09-29 07:21:00,2005-09-29,0
2005-09-29 07:22:00,2005-09-29,0
2005-09-29 07:23:00,2005-09-29,0
2005-09-29 07:24:00,2005-09-29,0
2005-09-29 07:25:00,2005-09-29,0
2005-09-29 07:26:00,2005-09-29,0
2005-09-29 07:27:00,2005-09-29,0
2005-09-29 07:28:00,2005-09-29,0
2005-09-29 07:29:00,2005-09-29,0
2005-09-29 07:30:00,2005-09-29,0
2005-09-29 07:31:00,2005-09-29,0
2005-09-29 07:32:00,2005-09-29,0
2005-09-29 07:33:00,2005-09-29,0
2005-09-29 07:34:00,2005-09-29,0
2005-09-29 07:35:00,2005-09-29,0
2005-09-29 07:36:00,2005-09-29,0
2005-09-29 07:37:00,2005-09-29,0
2005-09-29 07:38:00,2005-09-29,0
2005-09-29 07:39:00,2005-09-29,0
2005-09-29 07:40:00,2005-09-29,0
2005-09-29 07:41:00,2005-09-29,0
2005-09-29 07:42:00,2005-09-29,0
2005-09-29 07:43:00,2005-09-29,0
2005-09-29 07:44:00,2005-09-29,0
2005-09-29 07:45:00,2005-09-29,0
2005-09-29 07:46:00,2005-09-29,0
2005-09-29 07:47:00,2005-09-29,88
2005-09-29 07:48:00,2005-09-29,0
2005-09-29 07:49:00,2005-09-29,125
2005-09-29 07:50:00,2005-09-29,0
2005-09-29 07:51:00,2005-09-29,0
2005-09-29 07:52:00,2005-09-29,469
2005-09-29 07:53:00,2005-09-29,107
2005-09-29 07:54:00,2005-09-29,143
2005-09-29 07:55:00,2005-09-29,85
2005-09-29 07:56:00,2005-09-29,178
2005-09-29 07:57:00,2005-09-29,890
2005-09-29 07:58:00,2005-09-29,809
2005-09-29 07:59:00,2005-09-29,1010
2005-09-29 08:00:00,2005-09-29,1010
2005-09-29 08:01:00,2005-09-29,1076
2005-09-29 08:02:00,2005-09-29,667
2005-09-29 08:03:00,2005-09-29,919
2005-09-29 08:04:00,2005-09-29,1570
2005-09-29 08:05:00,2005-09-29,1182
2005-09-29 08:06:00,2005-09-29,734
2005-09-29 08:07:00,2005-09-29,1780
2005-09-29 08:08:00,2005-09-29,1182
2005-09-29 08:09:00,2005-09-29,1042
2005-09-29 08:10:00,2005-09-29,712
2005-09-29 08:11:00,2005-09-29,1221
2005-09-29 08:12:00,2005-09-29,1672
2005-09-29 08:13:00,2005-09-29,1474
2005-09-29 08:14:00,2005-09-29,1384
2005-09-29 08:15:00,2005-09-29,1300
2005-09-29 08:16:00,2005-09-29,689
2005-09-29 08:17:00,2005-09-29,1260
2005-09-29 08:18:00,2005-09-29,587
2005-09-29 08:19:00,2005-09-29,587
2005-09-29 08:20:00,2005-09-29,533
2005-09-29 08:21:00,2005-09-29,172
2005-09-29 08:22:00,2005-09-29,204
2005-09-29 08:23:00,2005-09-29,58
2005-09-29 08:24:00,2005-09-29,8
2005-09-29 08:25:00,2005-09-29,85
2005-09-29 08:26:00,2005-09-29,0
2005-09-29 08:27:00,2005-09-29,0
2005-09-29 08:28:00,2005-09-29,166
2005-09-29 08:29:00,2005-09-29,0
2005-09-29 08:30:00,2005-09-29,24
2005-09-29 08:31:00,2005-09-29,0
2005-09-29 08:32:00,2005-09-29,0
2005-09-29 08:33:00,2005-09-29,27
2005-09-29 08:34:00,2005-09-29,0
2005-09-29 08:35:00,2005-09-29,0
2005-09-29 08:36:00,2005-09-29,23
2005-09-29 08:37:00,2005-09-29,111
2005-09-29 08:38:00,2005-09-29,52
2005-09-29 08:39:00,2005-09-29,12
2005-09-29 08:40:00,2005-09-29,166
2005-09-29 08:41:00,2005-09-29,166
2005-09-29 08:42:00,2005-09-29,35
2005-09-29 08:43:00,2005-09-29,8
2005-09-29 08:44:00,2005-09-29,268
2005-09-29 08:45:00,2005-09-29,190
2005-09-29 08:46:00,2005-09-29,411
2005-09-29 08:47:00,2005-09-29,1010
2005-09-29 08:48:00,2005-09-29,689
2005-09-29 08:49:00,2005-09-29,835
2005-09-29 08:50:00,2005-09-29,259
2005-09-29 08:51:00,2005-09-29,82
2005-09-29 08:52:00,2005-09-29,568
2005-09-29 08:53:00,2005-09-29,259
2005-09-29 08:54:00,2005-09-29,439
2005-09-29 08:55:00,2005-09-29,41
2005-09-29 08:56:00,2005-09-29,411
2005-09-29 08:57:00,2005-09-29,646
2005-09-29 08:58:00,2005-09-29,568
2005-09-29 08:59:00,2005-09-29,533
2005-09-29 09:00:00,2005-09-29,338
2005-09-29 09:01:00,2005-09-29,425
2005-09-29 09:02:00,2005-09-29,425
2005-09-29 09:03:00,2005-09-29,197
2005-09-29 09:04:00,2005-09-29,398
2005-09-29 09:05:00,2005-09-29,550
2005-09-29 09:06:00,2005-09-29,398
2005-09-29 09:07:00,2005-09-29,469
2005-09-29 09:08:00,2005-09-29,500
2005-09-29 09:09:00,2005-09-29,712
2005-09-29 09:10:00,2005-09-29,626
2005-09-29 09:11:00,2005-09-29,667
2005-09-29 09:12:00,2005-09-29,890
2005-09-29 09:13:00,2005-09-29,783
2005-09-29 09:14:00,2005-09-29,835
2005-09-29 09:15:00,2005-09-29,439
2005-09-29 09:16:00,2005-09-29,809
2005-09-29 09:17:00,2005-09-29,734
2005-09-29 09:18:00,2005-09-29,1042
2005-09-29 09:19:00,2005-09-29,667
2005-09-29 09:20:00,2005-09-29,517
2005-09-29 09:21:00,2005-09-29,517
2005-09-29 09:22:00,2005-09-29,306
2005-09-29 09:23:00,2005-09-29,204
2005-09-29 09:24:00,2005-09-29,242
2005-09-29 09:25:00,2005-09-29,0
2005-09-29 09:26:00,2005-09-29,130
2005-09-29 09:27:00,2005-09-29,0
2005-09-29 09:28:00,2005-09-29,79
2005-09-29 09:29:00,2005-09-29,454
2005-09-29 09:30:00,2005-09-29,425
2005-09-29 09:31:00,2005-09-29,517
2005-09-29 09:32:00,2005-09-29,1010
2005-09-29 09:33:00,2005-09-29,1042
2005-09-29 09:34:00,2005-09-29,485
2005-09-29 09:35:00,2005-09-29,606
2005-09-29 09:36:00,2005-09-29,517
2005-09-29 09:37:00,2005-09-29,689
2005-09-29 09:38:00,2005-09-29,646
2005-09-29 09:39:00,2005-09-29,550
2005-09-29 09:40:00,2005-09-29,373
2005-09-29 09:41:00,2005-09-29,948
2005-09-29 09:42:00,2005-09-29,517
2005-09-29 09:43:00,2005-09-29,606
2005-09-29 09:44:00,2005-09-29,712
2005-09-29 09:45:00,2005-09-29,759
2005-09-29 09:46:00,2005-09-29,626
2005-09-29 09:47:00,2005-09-29,606
2005-09-29 09:48:00,2005-09-29,667
2005-09-29 09:49:00,2005-09-29,606
2005-09-29 09:50:00,2005-09-29,500
2005-09-29 09:51:00,2005-09-29,411
2005-09-29 09:52:00,2005-09-29,219
2005-09-29 09:53:00,2005-09-29,386
2005-09-29 09:54:00,2005-09-29,85
2005-09-29 09:55:00,2005-09-29,259
2005-09-29 09:56:00,2005-09-29,550
2005-09-29 09:57:00,2005-09-29,306
2005-09-29 09:58:00,2005-09-29,411
2005-09-29 09:59:00,2005-09-29,500
2005-09-29 10:00:00,2005-09-29,550
2005-09-29 10:01:00,2005-09-29,550
2005-09-29 10:02:00,2005-09-29,606
2005-09-29 10:03:00,2005-09-29,646
2005-09-29 10:04:00,2005-09-29,712
2005-09-29 10:05:00,2005-09-29,948
2005-09-29 10:06:00,2005-09-29,587
2005-09-29 10:07:00,2005-09-29,568
2005-09-29 10:08:00,2005-09-29,439
2005-09-29 10:09:00,2005-09-29,439
2005-09-29 10:10:00,2005-09-29,533
2005-09-29 10:11:00,2005-09-29,107
2005-09-29 10:12:00,2005-09-29,8
2005-09-29 10:13:00,2005-09-29,24
2005-09-29 10:14:00,2005-09-29,148
2005-09-29 10:15:00,2005-09-29,166
2005-09-29 10:16:00,2005-09-29,242
2005-09-29 10:17:00,2005-09-29,184
2005-09-29 10:18:00,2005-09-29,190
2005-09-29 10:19:00,2005-09-29,166
2005-09-29 10:20:00,2005-09-29,184
2005-09-29 10:21:00,2005-09-29,148
2005-09-29 10:22:00,2005-09-29,178
2005-09-29 10:23:00,2005-09-29,134
2005-09-29 10:24:00,2005-09-29,338
2005-09-29 10:25:00,2005-09-29,485
2005-09-29 10:26:00,2005-09-29,190
2005-09-29 10:27:00,2005-09-29,3
2005-09-29 10:28:00,2005-09-29,37
2005-09-29 10:29:00,2005-09-29,667
2005-09-29 10:30:00,2005-09-29,338
2005-09-29 10:31:00,2005-09-29,8
2005-09-29 10:32:00,2005-09-29,3
2005-09-29 10:33:00,2005-09-29,98
2005-09-29 10:34:00,2005-09-29,43
2005-09-29 10:35:00,2005-09-29,306
2005-09-29 10:36:00,2005-09-29,454
2005-09-29 10:37:00,2005-09-29,809
2005-09-29 10:38:00,2005-09-29,550
2005-09-29 10:39:00,2005-09-29,712
2005-09-29 10:40:00,2005-09-29,978
2005-09-29 10:41:00,2005-09-29,783
2005-09-29 10:42:00,2005-09-29,689
2005-09-29 10:43:00,2005-09-29,626
2005-09-29 10:44:00,2005-09-29,533
2005-09-29 10:45:00,2005-09-29,160
2005-09-29 10:46:00,2005-09-29,411
2005-09-29 10:47:00,2005-09-29,1010
2005-09-29 10:48:00,2005-09-29,712
2005-09-29 10:49:00,2005-09-29,1341
2005-09-29 10:50:00,2005-09-29,1146
2005-09-29 10:51:00,2005-09-29,1076
2005-09-29 10:52:00,2005-09-29,1042
2005-09-29 10:53:00,2005-09-29,978
2005-09-29 10:54:00,2005-09-29,1010
2005-09-29 10:55:00,2005-09-29,606
2005-09-29 10:56:00,2005-09-29,107
2005-09-29 10:57:00,2005-09-29,235
2005-09-29 10:58:00,2005-09-29,386
2005-09-29 10:59:00,2005-09-29,568
2005-09-29 11:00:00,2005-09-29,835
2005-09-29 11:01:00,2005-09-29,587
2005-09-29 11:02:00,2005-09-29,568
2005-09-29 11:03:00,2005-09-29,809
2005-09-29 11:04:00,2005-09-29,1010
2005-09-29 11:05:00,2005-09-29,1042
2005-09-29 11:06:00,2005-09-29,268
2005-09-29 11:07:00,2005-09-29,14
2005-09-29 11:08:00,2005-09-29,30
2005-09-29 11:09:00,2005-09-29,0
2005-09-29 11:10:00,2005-09-29,172
2005-09-29 11:11:00,2005-09-29,759
2005-09-29 11:12:00,2005-09-29,361
2005-09-29 11:13:00,2005-09-29,197
2005-09-29 11:14:00,2005-09-29,587
2005-09-29 11:15:00,2005-09-29,500
2005-09-29 11:16:00,2005-09-29,626
2005-09-29 11:17:00,2005-09-29,568
2005-09-29 11:18:00,2005-09-29,835
2005-09-29 11:19:00,2005-09-29,1182
2005-09-29 11:20:00,2005-09-29,734
2005-09-29 11:21:00,2005-09-29,235
2005-09-29 11:22:00,2005-09-29,1474
2005-09-29 11:23:00,2005-09-29,116
2005-09-29 11:24:00,2005-09-29,12
2005-09-29 11:25:00,2005-09-29,296
2005-09-29 11:26:00,2005-09-29,550
2005-09-29 11:27:00,2005-09-29,759
2005-09-29 11:28:00,2005-09-29,783
2005-09-29 11:29:00,2005-09-29,862
2005-09-29 11:30:00,2005-09-29,1474
2005-09-29 11:31:00,2005-09-29,1042
2005-09-29 11:32:00,2005-09-29,1076
2005-09-29 11:33:00,2005-09-29,1076
2005-09-29 11:34:00,2005-09-29,1570
2005-09-29 11:35:00,2005-09-29,689
2005-09-29 11:36:00,2005-09-29,712
2005-09-29 11:37:00,2005-09-29,1428
2005-09-29 11:38:00,2005-09-29,689
2005-09-29 11:39:00,2005-09-29,454
2005-09-29 11:40:00,2005-09-29,0
2005-09-29 11:41:00,2005-09-29,550
2005-09-29 11:42:00,2005-09-29,411
2005-09-29 11:43:00,2005-09-29,1010
2005-09-29 11:44:00,2005-09-29,759
2005-09-29 11:45:00,2005-09-29,1042
2005-09-29 11:46:00,2005-09-29,783
2005-09-29 11:47:00,2005-09-29,606
2005-09-29 11:48:00,2005-09-29,102
2005-09-29 11:49:00,2005-09-29,386
2005-09-29 11:50:00,2005-09-29,734
2005-09-29 11:51:00,2005-09-29,386
2005-09-29 11:52:00,2005-09-29,587
2005-09-29 11:53:00,2005-09-29,1221
2005-09-29 11:54:00,2005-09-29,517
2005-09-29 11:55:00,2005-09-29,550
2005-09-29 11:56:00,2005-09-29,978
2005-09-29 11:57:00,2005-09-29,1182
2005-09-29 11:58:00,2005-09-29,1182
2005-09-29 11:59:00,2005-09-29,667
2005-09-29 12:00:00,2005-09-29,485
2005-09-29 12:01:00,2005-09-29,1521
2005-09-29 12:02:00,2005-09-29,890
2005-09-29 12:03:00,2005-09-29,689
2005-09-29 12:04:00,2005-09-29,550
2005-09-29 12:05:00,2005-09-29,469
2005-09-29 12:06:00,2005-09-29,689
2005-09-29 12:07:00,2005-09-29,606
2005-09-29 12:08:00,2005-09-29,835
2005-09-29 12:09:00,2005-09-29,306
2005-09-29 12:10:00,2005-09-29,606
2005-09-29 12:11:00,2005-09-29,550
2005-09-29 12:12:00,2005-09-29,178
2005-09-29 12:13:00,2005-09-29,73
2005-09-29 12:14:00,2005-09-29,37
2005-09-29 12:15:00,2005-09-29,58
2005-09-29 12:16:00,2005-09-29,111
2005-09-29 12:17:00,2005-09-29,47
2005-09-29 12:18:00,2005-09-29,143
2005-09-29 12:19:00,2005-09-29,125
2005-09-29 12:20:00,2005-09-29,37
2005-09-29 12:21:00,2005-09-29,306
2005-09-29 12:22:00,2005-09-29,712
2005-09-29 12:23:00,2005-09-29,1111
2005-09-29 12:24:00,2005-09-29,809
2005-09-29 12:25:00,2005-09-29,485
2005-09-29 12:26:00,2005-09-29,948
2005-09-29 12:27:00,2005-09-29,439
2005-09-29 12:28:00,2005-09-29,91
2005-09-29 12:29:00,2005-09-29,646
2005-09-29 12:30:00,2005-09-29,259
2005-09-29 12:31:00,2005-09-29,44
2005-09-29 12:32:00,2005-09-29,98
2005-09-29 12:33:00,2005-09-29,154
2005-09-29 12:34:00,2005-09-29,184
2005-09-29 12:35:00,2005-09-29,38
2005-09-29 12:36:00,2005-09-29,0
2005-09-29 12:37:00,2005-09-29,0
2005-09-29 12:38:00,2005-09-29,0
2005-09-29 12:39:00,2005-09-29,0
2005-09-29 12:40:00,2005-09-29,250
2005-09-29 12:41:00,2005-09-29,646
2005-09-29 12:42:00,2005-09-29,978
2005-09-29 12:43:00,2005-09-29,890
2005-09-29 12:44:00,2005-09-29,734
2005-09-29 12:45:00,2005-09-29,550
2005-09-29 12:46:00,2005-09-29,533
2005-09-29 12:47:00,2005-09-29,734
2005-09-29 12:48:00,2005-09-29,835
2005-09-29 12:49:00,2005-09-29,1111
2005-09-29 12:50:00,2005-09-29,439
2005-09-29 12:51:00,2005-09-29,809
2005-09-29 12:52:00,2005-09-29,862
2005-09-29 12:53:00,2005-09-29,919
2005-09-29 12:54:00,2005-09-29,890
2005-09-29 12:55:00,2005-09-29,835
2005-09-29 12:56:00,2005-09-29,587
2005-09-29 12:57:00,2005-09-29,809
2005-09-29 12:58:00,2005-09-29,948
2005-09-29 12:59:00,2005-09-29,667
2005-09-29 13:00:00,2005-09-29,49
2005-09-29 13:01:00,2005-09-29,20
2005-09-29 13:02:00,2005-09-29,15
2005-09-29 13:03:00,2005-09-29,734
2005-09-29 13:04:00,2005-09-29,862
2005-09-29 13:05:00,2005-09-29,148
2005-09-29 13:06:00,2005-09-29,1521
2005-09-29 13:07:00,2005-09-29,1300
2005-09-29 13:08:00,2005-09-29,1428
2005-09-29 13:09:00,2005-09-29,1672
2005-09-29 13:10:00,2005-09-29,1042
2005-09-29 13:11:00,2005-09-29,1672
2005-09-29 13:12:00,2005-09-29,1146
2005-09-29 13:13:00,2005-09-29,1076
2005-09-29 13:14:00,2005-09-29,1076
2005-09-29 13:15:00,2005-09-29,1620
2005-09-29 13:16:00,2005-09-29,1010
2005-09-29 13:17:00,2005-09-29,667
2005-09-29 13:18:00,2005-09-29,689
2005-09-29 13:19:00,2005-09-29,978
2005-09-29 13:20:00,2005-09-29,1010
2005-09-29 13:21:00,2005-09-29,646
2005-09-29 13:22:00,2005-09-29,783
2005-09-29 13:23:00,2005-09-29,533
2005-09-29 13:24:00,2005-09-29,712
2005-09-29 13:25:00,2005-09-29,667
2005-09-29 13:26:00,2005-09-29,373
2005-09-29 13:27:00,2005-09-29,454
2005-09-29 13:28:00,2005-09-29,259
2005-09-29 13:29:00,2005-09-29,85
2005-09-29 13:30:00,2005-09-29,125
2005-09-29 13:31:00,2005-09-29,148
2005-09-29 13:32:00,2005-09-29,259
2005-09-29 13:33:00,2005-09-29,120
2005-09-29 13:34:00,2005-09-29,24
2005-09-29 13:35:00,2005-09-29,85
2005-09-29 13:36:00,2005-09-29,809
2005-09-29 13:37:00,2005-09-29,667
2005-09-29 13:38:00,2005-09-29,1146
2005-09-29 13:39:00,2005-09-29,783
2005-09-29 13:40:00,2005-09-29,1182
2005-09-29 13:41:00,2005-09-29,1182
2005-09-29 13:42:00,2005-09-29,606
2005-09-29 13:43:00,2005-09-29,606
2005-09-29 13:44:00,2005-09-29,759
2005-09-29 13:45:00,2005-09-29,386
2005-09-29 13:46:00,2005-09-29,439
2005-09-29 13:47:00,2005-09-29,1042
2005-09-29 13:48:00,2005-09-29,94
2005-09-29 13:49:00,2005-09-29,20
2005-09-29 13:50:00,2005-09-29,73
2005-09-29 13:51:00,2005-09-29,190
2005-09-29 13:52:00,2005-09-29,386
2005-09-29 13:53:00,2005-09-29,533
2005-09-29 13:54:00,2005-09-29,646
2005-09-29 13:55:00,2005-09-29,533
2005-09-29 13:56:00,2005-09-29,517
2005-09-29 13:57:00,2005-09-29,626
2005-09-29 13:58:00,2005-09-29,317
2005-09-29 13:59:00,2005-09-29,41
2005-09-29 14:00:00,2005-09-29,398
2005-09-29 14:01:00,2005-09-29,250
2005-09-29 14:02:00,2005-09-29,485
2005-09-29 14:03:00,2005-09-29,317
2005-09-29 14:04:00,2005-09-29,328
2005-09-29 14:05:00,2005-09-29,948
2005-09-29 14:06:00,2005-09-29,1010
2005-09-29 14:07:00,2005-09-29,533
2005-09-29 14:08:00,2005-09-29,18
2005-09-29 14:09:00,2005-09-29,190
2005-09-29 14:10:00,2005-09-29,0
2005-09-29 14:11:00,2005-09-29,91
2005-09-29 14:12:00,2005-09-29,268
2005-09-29 14:13:00,2005-09-29,862
2005-09-29 14:14:00,2005-09-29,835
2005-09-29 14:15:00,2005-09-29,485
2005-09-29 14:16:00,2005-09-29,58
2005-09-29 14:17:00,2005-09-29,32
2005-09-29 14:18:00,2005-09-29,27
2005-09-29 14:19:00,2005-09-29,21
2005-09-29 14:20:00,2005-09-29,12
2005-09-29 14:21:00,2005-09-29,3
2005-09-29 14:22:00,2005-09-29,49
2005-09-29 14:23:00,2005-09-29,41
2005-09-29 14:24:00,2005-09-29,70
2005-09-29 14:25:00,2005-09-29,0
2005-09-29 14:26:00,2005-09-29,3
2005-09-29 14:27:00,2005-09-29,26
2005-09-29 14:28:00,2005-09-29,52
2005-09-29 14:29:00,2005-09-29,3
2005-09-29 14:30:00,2005-09-29,8
2005-09-29 14:31:00,2005-09-29,14
2005-09-29 14:32:00,2005-09-29,30
2005-09-29 14:33:00,2005-09-29,12
2005-09-29 14:34:00,2005-09-29,21
2005-09-29 14:35:00,2005-09-29,12
2005-09-29 14:36:00,2005-09-29,49
2005-09-29 14:37:00,2005-09-29,91
2005-09-29 14:38:00,2005-09-29,125
2005-09-29 14:39:00,2005-09-29,411
2005-09-29 14:40:00,2005-09-29,550
2005-09-29 14:41:00,2005-09-29,21
2005-09-29 14:42:00,2005-09-29,64
2005-09-29 14:43:00,2005-09-29,85
2005-09-29 14:44:00,2005-09-29,29
2005-09-29 14:45:00,2005-09-29,17
2005-09-29 14:46:00,2005-09-29,8
2005-09-29 14:47:00,2005-09-29,11
2005-09-29 14:48:00,2005-09-29,12
2005-09-29 14:49:00,2005-09-29,23
2005-09-29 14:50:00,2005-09-29,41
2005-09-29 14:51:00,2005-09-29,37
2005-09-29 14:52:00,2005-09-29,30
2005-09-29 14:53:00,2005-09-29,148
2005-09-29 14:54:00,2005-09-29,24
2005-09-29 14:55:00,2005-09-29,34
2005-09-29 14:56:00,2005-09-29,17
2005-09-29 14:57:00,2005-09-29,439
2005-09-29 14:58:00,2005-09-29,160
2005-09-29 14:59:00,2005-09-29,73
2005-09-29 15:00:00,2005-09-29,35
2005-09-29 15:01:00,2005-09-29,44
2005-09-29 15:02:00,2005-09-29,143
2005-09-29 15:03:00,2005-09-29,0
2005-09-29 15:04:00,2005-09-29,34
2005-09-29 15:05:00,2005-09-29,102
2005-09-29 15:06:00,2005-09-29,67
2005-09-29 15:07:00,2005-09-29,52
2005-09-29 15:08:00,2005-09-29,11
2005-09-29 15:09:00,2005-09-29,47
2005-09-29 15:10:00,2005-09-29,11
2005-09-29 15:11:00,2005-09-29,40
2005-09-29 15:12:00,2005-09-29,29
2005-09-29 15:13:00,2005-09-29,8
2005-09-29 15:14:00,2005-09-29,0
2005-09-29 15:15:00,2005-09-29,268
2005-09-29 15:16:00,2005-09-29,26
2005-09-29 15:17:00,2005-09-29,35
2005-09-29 15:18:00,2005-09-29,37
2005-09-29 15:19:00,2005-09-29,76
2005-09-29 15:20:00,2005-09-29,34
2005-09-29 15:21:00,2005-09-29,32
2005-09-29 15:22:00,2005-09-29,178
2005-09-29 15:23:00,2005-09-29,76
2005-09-29 15:24:00,2005-09-29,120
2005-09-29 15:25:00,2005-09-29,64
2005-09-29 15:26:00,2005-09-29,172
2005-09-29 15:27:00,2005-09-29,154
2005-09-29 15:28:00,2005-09-29,120
2005-09-29 15:29:00,2005-09-29,79
2005-09-29 15:30:00,2005-09-29,178
2005-09-29 15:31:00,2005-09-29,120
2005-09-29 15:32:00,2005-09-29,166
2005-09-29 15:33:00,2005-09-29,190
2005-09-29 15:34:00,2005-09-29,85
2005-09-29 15:35:00,2005-09-29,40
2005-09-29 15:36:00,2005-09-29,91
2005-09-29 15:37:00,2005-09-29,76
2005-09-29 15:38:00,2005-09-29,82
2005-09-29 15:39:00,2005-09-29,3
2005-09-29 15:40:00,2005-09-29,58
2005-09-29 15:41:00,2005-09-29,49
2005-09-29 15:42:00,2005-09-29,55
2005-09-29 15:43:00,2005-09-29,49
2005-09-29 15:44:00,2005-09-29,49
2005-09-29 15:45:00,2005-09-29,111
2005-09-29 15:46:00,2005-09-29,35
2005-09-29 15:47:00,2005-09-29,24
2005-09-29 15:48:00,2005-09-29,76
2005-09-29 15:49:00,2005-09-29,76
2005-09-29 15:50:00,2005-09-29,9
2005-09-29 15:51:00,2005-09-29,259
2005-09-29 15:52:00,2005-09-29,328
2005-09-29 15:53:00,2005-09-29,8
2005-09-29 15:54:00,2005-09-29,286
2005-09-29 15:55:00,2005-09-29,533
2005-09-29 15:56:00,2005-09-29,277
2005-09-29 15:57:00,2005-09-29,296
2005-09-29 15:58:00,2005-09-29,277
2005-09-29 15:59:00,2005-09-29,172
2005-09-29 16:00:00,2005-09-29,148
2005-09-29 16:01:00,2005-09-29,160
2005-09-29 16:02:00,2005-09-29,411
2005-09-29 16:03:00,2005-09-29,550
2005-09-29 16:04:00,2005-09-29,667
2005-09-29 16:05:00,2005-09-29,809
2005-09-29 16:06:00,2005-09-29,1146
2005-09-29 16:07:00,2005-09-29,626
2005-09-29 16:08:00,2005-09-29,734
2005-09-29 16:09:00,2005-09-29,712
2005-09-29 16:10:00,2005-09-29,978
2005-09-29 16:11:00,2005-09-29,712
2005-09-29 16:12:00,2005-09-29,646
2005-09-29 16:13:00,2005-09-29,328
2005-09-29 16:14:00,2005-09-29,550
2005-09-29 16:15:00,2005-09-29,227
2005-09-29 16:16:00,2005-09-29,197
2005-09-29 16:17:00,2005-09-29,111
2005-09-29 16:18:00,2005-09-29,235
2005-09-29 16:19:00,2005-09-29,160
2005-09-29 16:20:00,2005-09-29,178
2005-09-29 16:21:00,2005-09-29,82
2005-09-29 16:22:00,2005-09-29,76
2005-09-29 16:23:00,2005-09-29,91
